Name,ShortName,Sex,Named
2 archers blancs_9.29.5,,Male,FAUX
2 archers bruns_9.29.2,,Male,FAUX
2 archers mauves_9.29.3,,Male,FAUX
2 archers rouges_9.29.4,,Male,FAUX
2 archers verts_9.29.1,,Male,FAUX
2 berserkers_J4.27,,Male,FAUX
2 berserkers_J4.30,,Male,FAUX
2 brigands_14.41,,Male,FAUX
2 bucherons_30.42,,Male,FAUX
2 dieux_30.44,,Male,FAUX
2 garçons_L1.3,,Male,FAUX
2 garçons_L1.42,,Male,FAUX
2 gardes_13.16,,Male,FAUX
2 gardes_21.27,,Male,FAUX
2 gardes_26.22,,Male,FAUX
2 gardes_26.24,,Male,FAUX
2 gardes_26.32,,Male,FAUX
2 gardes_26.35,,Male,FAUX
2 gardes_3.8.1,,Male,FAUX
2 gardes_3.8.2,,Male,FAUX
2 gardes_34.31,,Male,FAUX
2 gardes_35.15,,Male,FAUX
2 gardes_6.3,,Male,FAUX
2 gardes_J4.43,,Male,FAUX
2 gardes_J5.14,,Male,FAUX
2 gardes_K1.19,,Male,FAUX
2 gardes_K1.50,,Male,FAUX
2 gardes_K1.51,,Male,FAUX
2 guerriers_4.11.3,,Male,FAUX
2 guerriers_J4.40,,Male,FAUX
2 guerriers_J4.41,,Male,FAUX
2 hommes_39.11,,Male,FAUX
2 jeunes vikings_14.24,,Male,FAUX
2 jeunes vikings_J1.10,,Male,FAUX
2 mages rouges_34.3,,Male,FAUX
2 marchands_39.13,,Male,FAUX
2 nixes_14.4,,Male,FAUX
2 nobles_28.6,,Male,FAUX
2 servantes_11.6,,Female,FAUX
2 serviteurs Arlac d'Auxaterra_31.10,,Male,FAUX
2 serviteurs Arlac_31.10,,Male,FAUX
2 serviteurs Draye_31.10,,Male,FAUX
2 serviteurs Ingvild_31.10,,Male,FAUX
2 serviteurs Xia_31.10,,Male,FAUX
2 serviteurs_30.48,,Unknown,FAUX
2 Skraëlings_40.21,,Male,FAUX
2 Slugs_40.40,,Male,FAUX
2 soldats_23.8,,Male,FAUX
2 soldats_33.43,,Male,FAUX
2 soldats_39.13,,Male,FAUX
2 soldats_K1.33,,Male,FAUX
2 vikings_14.27,,Male,FAUX
2 vikings_33.31,,Male,FAUX
2 vikings_J6.5,,Male,FAUX
2 villageoises_11.13,,Female,FAUX
2 voleurs_12.8,,Male,FAUX
2 walkyries_K2.5,,Female,FAUX
3 bandits_10.3,,Male,FAUX
3 bienveillants,,Male,FAUX
3 cavaliers_15.19,,Male,FAUX
3 cavaliers_18.29,,Male,FAUX
3 esclaves_27.12,,Male,FAUX
3 gardes_K1.37,,Male,FAUX
3 gardes_K1.39,,Male,FAUX
3 guerriers_10.35,,Male,FAUX
3 guerriers_4.23,,Male,FAUX
3 guerriers_J4.34,,Male,FAUX
3 malfrats_34.18,,Male,FAUX
3 mégères_L2.46,,Female,FAUX
3 soldats_18.8,,Male,FAUX
3 vikings_J3.29.1,,Male,FAUX
3 vikings_J3.29.2,,Male,FAUX
3 vikings_J8.6,,Male,FAUX
3 villageois_K2.27,,Mixed,FAUX
3 Voleurs_32.30,,Male,FAUX
4 éphèbes_5.28,,Male,FAUX
4 gardes_9.5,,Male,FAUX
4 mages rouges_31.26,,Male,FAUX
4 soldats_4.30,,Male,FAUX
4 voleurs_20.25,,Male,FAUX
6 dieux_L2.26,,Male,FAUX
6 gardes_3.19,,Male,FAUX
Aakon,,Male,VRAI
Aaricia Gandalfsdottir,Aaricia,Female,VRAI
Abd El Bouheddi,Abd,Male,VRAI
Abdel El Hal,,Male,VRAI
Abdel Razek,,Male,VRAI
Adultes_K6.50,,Mixed,FAUX
Africain_3.19,,Male,FAUX
Agrippa,,Female,VRAI
Ahmed Al Waloud,Ahmed,Male,VRAI
Akwila,,Female,VRAI
Alad,,Male,VRAI
Alfes de lumière_L7.9,,Mixed,FAUX
Alfes loyalistes_L7.10,,Male,FAUX
Alfes lumière_L7.19,,Mixed,FAUX
Alfes noirs_L6.16,,Male,FAUX
Alfes noirs_L6.8,,Unknown,FAUX
Alfes noirs_L7.11,,Mixed,FAUX
Alfes noirs_L7.27,,Male,FAUX
Alfes rebelles_L7.10,,Male,FAUX
Alf'Lolth,,Female,VRAI
Alföng,,Male,VRAI
Alinoë,,Male,VRAI
Alkant,,Male,VRAI
Althar,,Male,VRAI
Althing_38.28,,Male,FAUX
Amalrik,,Male,VRAI
Amants_J10.16,,Male,FAUX
Ami d'Argun_K1.20.1,,Male,FAUX
Ami d'Argun_K1.20.2,,Male,FAUX
Amos,,Male,VRAI
Amoureux de Yasmina,,Male,FAUX
Angakkuq,,Male,VRAI
Ange_4.34,,Male,FAUX
Ange_4.35,,Male,FAUX
Angrboda,,Female,VRAI
Aniel de Valnor,Aniel,Male,VRAI
Anina,,Female,VRAI
Araignée_24.20,,Unknown,FAUX
Araignée_24.30,,Unknown,FAUX
Araignée_24.37,,Unknown,FAUX
Arbitres_27.39,,Male,FAUX
Archer jumeau marron_9.29.2,,Male,FAUX
Archer jumeau vert_9.29.1,,Male,FAUX
Archers_25.21,,Male,FAUX
Archers_25.37,,Male,FAUX
Archers_27.35,,Male,FAUX
Archers_27.39,,Male,FAUX
Archers_9.29,,Male,FAUX
Archers_J10.22,,Male,FAUX
Archers_J10.29,,Male,FAUX
Argun Pied d'Arbre,Argun,Male,VRAI
Arisön,,Male,VRAI
Arkadès,,Male,VRAI
Arlac d'Auxaterra,,Male,VRAI
Arlane,,Female,VRAI
Arlesthön,,Male,VRAI
Armée de Francus_K5.21,,Male,FAUX
Armée de géants_32.35,,Male,FAUX
Armée de Kriss_K4.45,,Mixed,FAUX
Armée de Magnus_33.8,,Male,FAUX
Armée de Magnus_35.16,,Mixed,FAUX
Armée de Magnus_K4.45,,Male,FAUX
Armée de Magnus_K5.17,,Male,FAUX
Armée de Magnus_K7.31,,Male,FAUX
Armée de Sologhonn_K4.9,,Mixed,FAUX
Armée de Taljar_K5.14,,Mixed,FAUX
Armée de Taljar_K7.32,,Mixed,FAUX
Armée de Waloud_34.14,,Male,FAUX
Armée du duc_K4.10,,Mixed,FAUX
Armée qui vit_32.10,,Male,FAUX
Armée rouge_35.18,,Mixed,FAUX
Armée rouge_35.36,,Male,FAUX
Armée_12.4,,Male,FAUX
Armée_K5.12,,Male,FAUX
Armée_K5.3,,Mixed,FAUX
Armenos,,Male,VRAI
Armurier_27.26,,Male,FAUX
Arn Sakknüssen,,Male,VRAI
Arneg,,Male,VRAI
Artisans_K5.17,,Male,FAUX
Arvid,,Male,VRAI
Asketill,,Male,VRAI
Aslak,,Male,VRAI
Astronautes_7.39.1,,Mixed,FAUX
Astronautes_7.39.2,,Mixed,FAUX
Atlante_40.41,,Female,FAUX
Atlantes_39.43,,Mixed,FAUX
Atlantes_39.48,,Mixed,FAUX
Atlantes_40.15,,Mixed,FAUX
Atlantes_40.25,,Mixed,FAUX
Atlantes_40.35,,Male,FAUX
Aubergiste_12.9,,Male,FAUX
Aubergiste_32.28,,Male,FAUX
Aubergiste_5.4,,Male,FAUX
Aubergiste_J4.21,,Male,FAUX
Aubergiste_K1.33,,Male,FAUX
Aubergiste_K3.35,,Male,FAUX
Ava,,Female,VRAI
Avrenim,,Unknown,VRAI
Azkel,,Male,VRAI
Azzalepstön,,Male,VRAI
Baalds_1.21,,Mixed,FAUX
Badeaux_K1.18,,Mixed,FAUX
Baigneur_L2.44,,Mixed,FAUX
Balder,,Male,VRAI
Baldsönn,,Male,VRAI
Bandit bleu_10.3,,Male,FAUX
Bandit_J1.29.2,,Male,FAUX
Bandit_J1.29.3,,Male,FAUX
Barbu_23.15,,Male,FAUX
Barbu_L5.3,,Male,FAUX
Barons_6.10,,Male,FAUX
Batteur_4.25,,Male,FAUX
Bé-ki,,Female,VRAI
Bemba,,Male,VRAI
Bergelmir,,Male,VRAI
Berger_34.7,,Male,FAUX
Berger_K1.22,,Male,FAUX
Berserkers_J3.35,,Male,FAUX
Berserkers_J4.32,,Male,FAUX
Bhunik,,Male,VRAI
Biarn,,Male,VRAI
Biarn_29.26,,Male,FAUX
Biche_30.7,,Female,FAUX
Binôme_27.11.1,,Male,FAUX
Binôme_27.11.2,,Male,FAUX
Binôme_27.11.3,,Male,FAUX
Binôme_27.9,,Male,FAUX
Birbu,,Male,VRAI
Björg,,Male,VRAI
Björn Gandalfson,Björn,Male,VRAI
Bjorn_J10.54,,Male,VRAI
Björn_J9,,Male,VRAI
Björnulf,,Male,VRAI
Bohr,,Male,VRAI
Boréale,,Female,VRAI
Bourreau_35.6,,Male,FAUX
Bourreau_K5.8,,Male,FAUX
Brigand_K3.38.1,,Male,FAUX
Brigand_K3.38.2,,Male,FAUX
Brigand_K3.38.3,,Male,FAUX
Brigand_K3.42.1,,Male,FAUX
Brigand_K3.42.2,,Male,FAUX
Brigand_K3.42.3,,Male,FAUX
Brigand_K3.42.4,,Male,FAUX
Brilö,,Male,VRAI
Brünhild,,Female,VRAI
Burbi,,Male,VRAI
Caleb,,Male,VRAI
Calédoniens_9.42,,Male,FAUX
Calife_34.7,,Male,FAUX
Capitaine arbalette_21.4.4,,Male,FAUX
Capitaine bleu_21.4.3,,Male,FAUX
Capitaine bonnet_21.4.2,,Male,FAUX
Capitaine chauve_21.4.1,,Male,FAUX
Capitaine du duc_K4.10,,Male,FAUX
Capitaine fourrure_21.4.5,,Male,FAUX
Capitaine_10.19,,Male,FAUX
Capitaine_33.12,,Male,FAUX
Capitaine_34.24,,Male,FAUX
Capitaine_34.3,,Male,FAUX
Capitaine_4.25,,Male,FAUX
Capitaine_6.19,,Male,FAUX
Capitaine_6.20,,Male,FAUX
Capitaine_K4.12,,Male,FAUX
Capitaine_K5.39,,Male,FAUX
Capitaine_K7.18,,Male,FAUX
Capitaines_K5.37,,Male,FAUX
Caravane_34.33,,Mixed,FAUX
Caravane_34.6,,Mixed,FAUX
Caravane_L2.8,,Mixed,FAUX
Cavaliers de Gandalf_J4.5,,Male,FAUX
Cavaliers_6.11,,Male,FAUX
Cavaliers_K5.28.1,,Male,FAUX
Cavaliers_K5.28.2,,Male,FAUX
Chaams_10.22.1,,Mixed,FAUX
Chaams_10.22.2,,Mixed,FAUX
Chaams_10.22.3,,Mixed,FAUX
Chaams_10.25.0,,Male,FAUX
Chaams_10.25.1,,Mixed,FAUX
Chaams_10.25.2,,Mixed,FAUX
Chaams_10.26,,Mixed,FAUX
Chaams_10.27,,Mixed,FAUX
Chaams_10.27.1,,Mixed,FAUX
Chaams_12.3,,Male,FAUX
Chambellan_K2.12,,Male,FAUX
Charpentiers_25.16,,Male,FAUX
Chasseurs_34.11,,Male,FAUX
Chat ailé de Frigg_7.23.1,,Unknown,FAUX
Chat ailé de Frigg_7.23.2,,Unknown,FAUX
Chats ailés de Frigg_37.30,,Unknown,FAUX
Chats ailés_J1.47,,Unknown,FAUX
Chats ailés_J2.43,,Unknown,FAUX
Chats ailés_L5.44,,Unknown,FAUX
Chats ailés_L6.42,,Unknown,FAUX
Chats ailés_L7.44,,Unknown,FAUX
Chef du village_19.15,,Male,FAUX
Chef du village_L4.26,,Male,FAUX
Chef enfant_K6.19,,Male,FAUX
Chevalier_5.28,,Male,FAUX
Chèvre_8.38,,Female,FAUX
Chiens_L4.24,,Unknown,FAUX
Chinois_3.19,,Male,FAUX
Chloé Minkelsönn,,Female,VRAI
Chrysios,,Male,VRAI
Citadins_32.22,,Mixed,FAUX
Citadins_35.17.1,,Unknown,FAUX
Citadins_35.17.2,,Unknown,FAUX
Citadins_35.17.3,,Unknown,FAUX
Citadins_35.18,,Mixed,FAUX
Citadins_35.3,,Mixed,FAUX
Citadins_35.33,,Mixed,FAUX
Citadins_35.45,,Mixed,FAUX
Clan_2.29,,Mixed,FAUX
Clay,,Male,VRAI
Cléo,,Female,VRAI
Client roux_5.4,,Male,FAUX
Clients_12.9,,Mixed,FAUX
Clients_32.28,,Male,FAUX
Clients_34.17,,Mixed,FAUX
Clients_34.24,,Male,FAUX
Clients_5.4,,Male,FAUX
Clients_J4.21,,Male,FAUX
Clients_K1.33,,Mixed,FAUX
Clients_K1.37,,Male,FAUX
Commandant_K5.43,,Male,FAUX
Commandant_K8.38,,Male,FAUX
Concubines_34.9,,Female,FAUX
Conducteur d'Héraclius_27.7,,Male,FAUX
Conducteurs_27.35,,Male,FAUX
Conseil Atlante_40.13,,Mixed,FAUX
Contarque_J6.3,,Male,FAUX
Convives_9.39,,Mixed,FAUX
Cosmonautes_26.19,,Mixed,FAUX
Couple_K2.15,,Mixed,FAUX
Cour de Magnus_K7.37,,Mixed,FAUX
Cour_6.6,,Mixed,FAUX
Cour_K4.28,,Mixed,FAUX
Cour_L5.48,,Mixed,FAUX
Cours_23.16,,Mixed,FAUX
Courtisane_6.29,,Female,FAUX
Courtisanes_J7.38,,Female,FAUX
Courtisans_25.5,,Mixed,FAUX
Courtisans_6.12,,Mixed,FAUX
Courtisans_6.21,,Mixed,FAUX
Courtisans_J10.16,,Male,FAUX
Crabes_29.31,,Male,FAUX
Croc-Bleu,,Female,VRAI
Croisés_35.35,,Male,FAUX
Croisés_35.36,,Male,FAUX
Croisés_K6.6,,Male,FAUX
Croisés_K8.36,,Male,FAUX
Crucifié_K8.36,,Male,FAUX
Crucifiés_35.17,,Unknown,FAUX
Cuisinier_J8.35,,Male,FAUX
Cuisiniers_J7.40,,Mixed,FAUX
Cul-de-jatte_23.16,,Male,FAUX
Cybèle,,Female,VRAI
Dame Le Devehat,Devehat,Female,VRAI
Darek le Svéar,Darek,Male,VRAI
Déesse_30.42,,Female,FAUX
Démon de lave_L6.9,,Unknown,FAUX
Deux femmes_J9.8,,Female,FAUX
Devin_24.25,,Male,FAUX
Dhrys,,Male,VRAI
Dieux_19.14,,Mixed,FAUX
Dieux_22.22,,Mixed,FAUX
Dieux_32.43,,Mixed,FAUX
Dieux_32.47,,Mixed,FAUX
Dieux_41.14,,Mixed,FAUX
Dieux_41.15,,Mixed,FAUX
Dieux_L2.25,,Mixed,FAUX
Dieux_L2.26,,Mixed,FAUX
Dignitaires_11.37,,Mixed,FAUX
Disciples_34.7,,Unknown,FAUX
Dji Hins,,Male,VRAI
Domestiques_J8.10,,Mixed,FAUX
Domestiques_L6.27.1,,Male,FAUX
Domestiques_L6.27.2,,Female,FAUX
Domestiques_L6.48,,Female,FAUX
Dominants_2.31,,Unknown,FAUX
Dracon,,Male,VRAI
Dragon_L3.13,,Unknown,FAUX
Dragon_L3.24,,Unknown,FAUX
Dragon_L3.29,,Unknown,FAUX
Dragon_L3.31,,Unknown,FAUX
Dragon_L3.39,,Unknown,FAUX
Dragov,,Male,VRAI
Draye,,Male,VRAI
Driss Ibn Fadlân,Driss,Male,VRAI
Driss_L1,,Male,VRAI
Duhedos,,Male,VRAI
Dzjaïn_40.3,,Mixed,FAUX
Ecuyer_K4.30,,Male,FAUX
Egiwde,,Unknown,VRAI
Einar,,Male,VRAI
Eliocle,,Male,VRAI
Elkie,,Male,VRAI
Empereur romain,,Male,FAUX
Endormie_39.38,,Female,FAUX
Enfant géant_22.28.1,,Male,FAUX
Enfant géant_22.28.2,,Male,FAUX
Enfant_4.11,,Male,FAUX
Enfant_K6.17,,Male,FAUX
Enfant_K6.38,,Male,FAUX
Enfant_K6.50,,Male,FAUX
Enfants nobles_27.25,,Male,FAUX
Enfants_4.3,,Mixed,FAUX
Enfants_41.37,,Male,FAUX
Enfants_7.32,,Mixed,FAUX
Enfants_J4.32,,Male,FAUX
Enfants_K6.19,,Male,FAUX
Enfants_K6.49,,Male,FAUX
Enfants_L2.6,,Mixed,FAUX
Enfants_L4.7,,Male,FAUX
Enyd,,Female,VRAI
Éphèbes_L1.33,,Mixed,FAUX
Éphèbes_L2.6,,Mixed,FAUX
Éphèbes_L3.40,,Mixed,FAUX
Équipage_1.4,,Mixed,FAUX
Équipage_10.17,,Mixed,FAUX
Équipage_10.18,,Mixed,FAUX
Équipage_11.24,,Male,FAUX
Équipage_13.45,,Male,FAUX
Équipage_13.47,,Male,FAUX
Équipage_16.6,,Male,FAUX
Équipage_2.9,,Male,FAUX
Équipage_20.41,,Male,FAUX
Équipage_22.4,,Male,FAUX
Équipage_33.3,,Male,FAUX
Équipage_39.9,,Male,FAUX
Equipage_40.5,,Mixed,FAUX
Equipage_40.7,,Mixed,FAUX
Équipage_J10.53,,Male,FAUX
Équipage_J3.17,,Male,FAUX
Erik_20.3,,Male,VRAI
Erik_J10.5,,Male,VRAI
Erika Einarson,,Female,VRAI
Ernhild,,Female,VRAI
Erwin,,Female,VRAI
Esclavagiste byzantin_20.32,,Male,FAUX
Esclavagiste_K6.49,,Male,FAUX
Esclave blonde_4.18,,Female,FAUX
Esclave brune_4.18,,Female,FAUX
Esclave_20.18,,Male,FAUX
Esclave_27.15,,Male,FAUX
Esclave_27.25.1,,Male,FAUX
Esclave_27.25.2,,Male,FAUX
Esclave_27.27,,Male,FAUX
Esclave_K3.6.1,,Male,FAUX
Esclave_K3.6.2,,Male,FAUX
Esclaves_18.10,,Male,FAUX
Esclaves_20.18,,Male,FAUX
Esclaves_20.31,,Male,FAUX
Esclaves_20.37,,Male,FAUX
Esclaves_20.39.1,,Male,FAUX
Esclaves_20.39.2,,Mixed,FAUX
Esclaves_21.32,,Male,FAUX
Esclaves_21.38,,Mixed,FAUX
Esclaves_25.11,,Female,FAUX
Esclaves_25.17,,Mixed,FAUX
Esclaves_27.14,,Male,FAUX
Esclaves_27.28,,Mixed,FAUX
Esclaves_27.3,,Male,FAUX
Esclaves_27.33,,Mixed,FAUX
Esclaves_27.5,,Mixed,FAUX
Esclaves_27.6,,Male,FAUX
Esclaves_28.10,,Female,FAUX
Esclaves_28.12,,Mixed,FAUX
Esclaves_28.3,,Mixed,FAUX
Esclaves_28.8,,Mixed,FAUX
Esclaves_33.17,,Mixed,FAUX
Esclaves_34.14,,Mixed,FAUX
Esclaves_34.16,,Mixed,FAUX
Esclaves_34.7,,Mixed,FAUX
Esclaves_K7.26,,Male,FAUX
Esclaves_K8.26,,Male,FAUX
Esclaves_K8.41,,Male,FAUX
Esclaves_L7.24,,Female,FAUX
Escorte alfe_L6.38,,Male,FAUX
Escorte de Holger_J4.3,,Mixed,FAUX
Escorte_28.8,,Male,FAUX
Escorte_J3.22,,Mixed,FAUX
Escorte_J7.20,,Male,FAUX
Escorte_K2.6,,Male,FAUX
Escorte_K3.24,,Male,FAUX
Escorte_K4.33,,Male,FAUX
Escorte_K4.41,,Male,FAUX
Escorte_K8.38,,Male,FAUX
Eskil,,Male,VRAI
Espion_34.28,,Male,FAUX
Espion_34.38,,Male,FAUX
Espion_34.4,,Male,FAUX
Être de glace_L6.9,,Unknown,FAUX
Évêque_K4.10,,Male,FAUX
Évêque_K5.45,,Male,FAUX
Évêque_K5.8,,Male,FAUX
Ewan,,Male,VRAI
Ewing,,Male,VRAI
Eyskil,,Male,VRAI
Falster,,Male,VRAI
Falstöf,,Male,VRAI
Famille Karhamasönn,,Mixed,FAUX
Famille_K3.4,,Mixed,FAUX
Fées_J1.18,,Female,FAUX
Femme de Dracon,,Female,FAUX
Femme d'Herzog_34.39,,Female,FAUX
Femme du fermier_18.6,,Female,FAUX
Femme_J9.41,,Female,FAUX
Femme_K3.28,,Female,FAUX
Femmes_4.4,,Female,FAUX
Femmes_J9.39,,Female,FAUX
Fenrir,,Male,VRAI
Ferkel,,Male,VRAI
Fermier_18.6,,Male,FAUX
Fermiers_18.7,,Mixed,FAUX
Fêtards_L1.38,,Mixed,FAUX
Fhropor,,Male,VRAI
Fille de la Ramaha,,Female,FAUX
Fille_J10.54,,Female,FAUX
Fille_L4.2,,Female,FAUX
Fille_L4.3,,Female,FAUX
Fillette_22.3,,Female,FAUX
Fillette_J10.36,,Female,FAUX
Fillettes_J2.39,,Female,FAUX
Fils Bossu,,Male,FAUX
Finnbjorn,,Male,VRAI
Floriane,,Female,VRAI
Fmur,,Male,VRAI
Fossoyeur_J8.4,,Male,FAUX
Fouad Wholaï,Fouad,Male,VRAI
Foule_34.29,,Mixed,FAUX
Foule_34.4,,Mixed,FAUX
Foule_34.8,,Mixed,FAUX
Foule_5.3,,Mixed,FAUX
Foule_K4.28,,Mixed,FAUX
Franc_3.19,,Male,FAUX
Francs_J7.33,,Male,FAUX
Francus d'Auxaterra,Francus,Male,VRAI
Fregg,,Female,VRAI
Frère d'Anina,,Male,FAUX
Frère de Mýsla,,Male,FAUX
Frère Karhamasönn_2,,Male,FAUX
Frère Karhamasönn_3,,Male,FAUX
Freyja,,Female,VRAI
Freyr,,Male,VRAI
Frigg,,Female,VRAI
Frypiäh,,Male,VRAI
Fugitifs_27.6,,Male,FAUX
Fural,,Male,VRAI
Furfur,,Male,VRAI
Galathorn,,Male,VRAI
Galériens_4.26,,Male,FAUX
Gandalf-le-fou,Gandalf,Male,VRAI
Garçon roux_L1.3,,Male,FAUX
Garçon_24.16,,Male,FAUX
Garçon_24.47,,Male,FAUX
Garçon_K3.3,,Male,FAUX
Garde _22.15,,Male,FAUX
Garde alfe noir_L6.10,,Male,FAUX
Garde chasse_29.3,,Male,FAUX
Garde viking_J8.3.1,,Male,FAUX
Garde viking_J8.3.2,,Male,FAUX
Garde_13.9,,Male,FAUX
Garde_18.32,,Male,FAUX
Garde_18.35,,Male,FAUX
Garde_19.17,,Male,FAUX
Garde_20.18.2,,Male,FAUX
Garde_20.18.3,,Male,FAUX
Garde_20.18.4,,Male,FAUX
Garde_20.36.1,,Male,FAUX
Garde_20.36.2,,Male,FAUX
Garde_20.40,,Male,FAUX
Garde_20.41.1,,Male,FAUX
Garde_20.41.2,,Male,FAUX
Garde_21.27,,Male,FAUX
Garde_21.36,,Male,FAUX
Garde_21.37.1,,Male,FAUX
Garde_21.37.2,,Male,FAUX
Garde_22.7,,Male,FAUX
Garde_25.44,,Male,FAUX
Garde_28.19,,Male,FAUX
Garde_3.11,,Male,FAUX
Garde_33.20,,Male,FAUX
Garde_34.30,,Male,FAUX
Garde_34.41,,Male,FAUX
Garde_35.12.1,,Male,FAUX
Garde_35.12.2,,Male,FAUX
Garde_39.22,,Male,FAUX
Garde_4.26.1,,Male,FAUX
Garde_4.26.2,,Male,FAUX
Garde_40.14,,Male,FAUX
Garde_6.19,,Male,FAUX
Garde_6.20,,Male,FAUX
Garde_6.36,,Male,FAUX
Garde_9.4,,Male,FAUX
Garde_J10.35,,Male,FAUX
Garde_J10.52,,Male,FAUX
Garde_J4.43,,Male,FAUX
Garde_J7.46,,Male,FAUX
Garde_J8.24,,Male,FAUX
Garde_K1.47,,Male,FAUX
Garde_K4.29,,Male,FAUX
Gardes alfes noirs_L6.13,,Male,FAUX
Gardes alfes noirs_L6.22,,Male,FAUX
Gardes rouges_35.20,,Male,FAUX
Gardes rouges_35.21,,Male,FAUX
Gardes_12.17,,Male,FAUX
Gardes_12.23,,Male,FAUX
Gardes_13.13,,Male,FAUX
Gardes_13.15,,Male,FAUX
Gardes_18.10,,Male,FAUX
Gardes_18.32,,Male,FAUX
Gardes_18.33,,Male,FAUX
Gardes_20.31,,Male,FAUX
Gardes_20.34,,Male,FAUX
Gardes_20.40,,Male,FAUX
Gardes_21.37.3,,Male,FAUX
Gardes_21.40,,Male,FAUX
Gardes_22.14,,Male,FAUX
Gardes_22.16,,Male,FAUX
Gardes_22.17,,Male,FAUX
Gardes_24.21,,Male,FAUX
Gardes_25.11,,Male,FAUX
Gardes_25.15,,Male,FAUX
Gardes_25.18,,Male,FAUX
Gardes_25.44,,Male,FAUX
Gardes_27.14,,Male,FAUX
Gardes_27.15,,Male,FAUX
Gardes_27.19,,Male,FAUX
Gardes_27.28,,Male,FAUX
Gardes_27.7,,Male,FAUX
Gardes_28.13,,Male,FAUX
Gardes_28.22,,Male,FAUX
Gardes_28.3,,Male,FAUX
Gardes_28.9,,Male,FAUX
Gardes_3.26,,Male,FAUX
Gardes_32.3,,Male,FAUX
Gardes_34.14,,Male,FAUX
Gardes_36.12,,Male,FAUX
Gardes_37.15,,Male,FAUX
Gardes_39.18,,Male,FAUX
Gardes_40.23,,Male,FAUX
Gardes_40.24,,Male,FAUX
Gardes_40.37,,Male,FAUX
Gardes_41.19,,Male,FAUX
Gardes_6.17,,Male,FAUX
Gardes_J10.10,,Male,FAUX
Gardes_J10.15,,Male,FAUX
Gardes_J10.16,,Male,FAUX
Gardes_J10.20,,Male,FAUX
Gardes_J10.33,,Male,FAUX
Gardes_J10.36,,Male,FAUX
Gardes_J10.39,,Male,FAUX
Gardes_J10.40,,Male,FAUX
Gardes_J7.27,,Male,FAUX
Gardes_J7.34,,Male,FAUX
Gardes_J7.38,,Male,FAUX
Gardes_J7.42,,Male,FAUX
Gardes_J7.45,,Male,FAUX
Gardes_J8.10,,Male,FAUX
Gardes_J8.18.1,,Male,FAUX
Gardes_J8.18.2,,Male,FAUX
Gardes_J8.21,,Male,FAUX
Gardes_J8.26,,Male,FAUX
Gardes_J8.27,,Male,FAUX
Gardes_J8.28,,Male,FAUX
Gardes_J8.29,,Male,FAUX
Gardes_J8.35,,Male,FAUX
Gardes_J8.42,,Male,FAUX
Gardes_K1.34,,Male,FAUX
Gardes_K1.36,,Male,FAUX
Gardes_K1.37,,Male,FAUX
Gardes_K1.49,,Male,FAUX
Gardes_K3.17,,Male,FAUX
Gardes_K3.18,,Male,FAUX
Gardes_K3.19,,Male,FAUX
Gardes_K3.22,,Male,FAUX
Gardes_K3.27,,Male,FAUX
Gardes_K3.37,,Male,FAUX
Gardes_K4.31,,Male,FAUX
Gardes_K4.46,,Male,FAUX
Gardes_K8.41,,Male,FAUX
Gardes_L5.47,,Male,FAUX
Gardes_L5.48,,Male,FAUX
Gardes_L7.19,,Male,FAUX
Gardes_L7.24,,Male,FAUX
Gardien géant_1.11,,Male,FAUX
Gardien nain_1.12,,Male,FAUX
Gardien_22.25,,Unknown,FAUX
Gardienne_21.38,,Female,FAUX
Gardiens de la montagne_K7.3,,Male,FAUX
Gareth_6.20,,Male,FAUX
Garn,,Male,VRAI
Gaut,,Male,VRAI
Géant_L6.9,,Male,FAUX
Géants_22.22,,Mixed,FAUX
Géants_22.29,,Mixed,FAUX
Géants_22.40,,Mixed,FAUX
Géants_41.14,,Mixed,FAUX
Geirroed_15.45,,Male,FAUX
Gilli,,Male,VRAI
Gladiateurs_27.35,,Male,FAUX
Gorgane,,Female,VRAI
Gouverneur du Ponant,,Male,FAUX
Grand prêtre_12.4,,Male,FAUX
Grand veilleur_21.43,,Male,FAUX
Greim,,Male,VRAI
Grim,,Male,VRAI
Grimur,,Male,VRAI
Grivine,,Male,VRAI
Griz,,Female,VRAI
Groupe_11.16,,Mixed,FAUX
Groupe_6.20,,Male,FAUX
Guerrier alfe noir_L6.8.1,,Male,FAUX
Guerrier alfe noir_L6.8.2,,Male,FAUX
Guerrier_11.24.1,,Male,FAUX
Guerrier_11.24.2,,Male,FAUX
Guerrier_11.24.3,,Male,FAUX
Guerrier_11.24.4,,Male,FAUX
Guerrier_11.24.5,,Male,FAUX
Guerrier_11.24.6,,Male,FAUX
Guerrier_19.21.1,,Male,FAUX
Guerrier_19.21.2,,Male,FAUX
Guerrier_4.11.1,,Male,FAUX
Guerrier_4.11.2,,Male,FAUX
Guerrier_9.21.1,,Male,FAUX
Guerrier_9.21.2,,Male,FAUX
Guerrier_9.21.3,,Male,FAUX
Guerrier_9.21.4,,Male,FAUX
Guerrier_9.21.5,,Male,FAUX
Guerrier_9.21.6,,Male,FAUX
Guerrier_9.21.7,,Male,FAUX
Guerrier_K7.35,,Male,FAUX
Guerriers alfes_L6.34,,Male,FAUX
Guerriers de Oddmar_39.31,,Male,FAUX
Guerriers_10.25,,Mixed,FAUX
Guerriers_12.18,,Male,FAUX
Guerriers_13.32,,Male,FAUX
Guerriers_19.15,,Male,FAUX
Guerriers_20.9,,Male,FAUX
Guerriers_35.6,,Male,FAUX
Guerriers_36.19,,Male,FAUX
Guerriers_36.32,,Male,FAUX
Guerriers_36.36,,Male,FAUX
Guerriers_41.14,,Male,FAUX
Guerriers_J3.31,,Male,FAUX
Guerriers_J3.45.1,,Male,FAUX
Guerriers_J3.45.2,,Male,FAUX
Guerriers_J3.9,,Male,FAUX
Guerriers_J4.21,,Male,FAUX
Guerriers_J4.45,,Male,FAUX
Guerriers_J6.47,,Male,FAUX
Guerriers_K2.43,,Male,FAUX
Guide_10.32,,Male,FAUX
Guide_34.18,,Male,FAUX
Gunhilda Görmsson,Gunhilda,Female,VRAI
Gunn,,Female,VRAI
Gunnar,,Male,VRAI
Gunnar_20.37,,Male,VRAI
Gürt,,Male,VRAI
Guustavson,,Male,VRAI
Gwenda d'Auxaterra,Gwenda,Female,VRAI
Hanouar,,Male,VRAI
Harald Görmsson,Harald,Male,VRAI
Harâm_34.16,,Female,VRAI
Haynée,,Female,VRAI
Hazmat_40.22.1,,Male,FAUX
Hazmat_40.22.2,,Male,FAUX
Heidrun,,Female,VRAI
Helgi,,Female,VRAI
Helgith,,Male,VRAI
Héraclius,,Male,VRAI
Hériulf_1.15,,Male,VRAI
Herzog,,Male,VRAI
Hicham,,Male,VRAI
Hiemdal,,Male,VRAI
Hiérulf-le-penseur,Hiérulf,Male,VRAI
Hildebrün,,Female,VRAI
Hildegunn,,Female,VRAI
Hjalmgunnar,,Male,VRAI
Hog,,Male,VRAI
Hogrid,,Male,VRAI
Holger,,Male,VRAI
Hommes d'Aniel_39.15,,Male,FAUX
Hommes d'Aniel_39.28,,Male,FAUX
Hommes de Gandalf_J4.4,,Male,FAUX
Hrafn,,Male,VRAI
Hrun,,Male,VRAI
Hsrak,,Male,VRAI
Huginn,,Unknown,VRAI
Hugön,,Male,VRAI
Hungfold,,Male,VRAI
Hydalgor,,Male,VRAI
Ibissan,,Male,VRAI
Ibnaïcha,,Male,VRAI
Idriss Bin Hofaar,Idriss,Male,VRAI
Idun,,Female,VRAI
Ileniya,,Female,VRAI
Inga,,Female,VRAI
Ingrid,,Female,VRAI
Ingvild,,Female,VRAI
Intendant_K1.41,,Male,FAUX
Iouri,,Male,VRAI
Iourov,,Male,VRAI
Isoline,,Female,VRAI
Ivaldir,,Male,VRAI
Ivar,,Male,VRAI
Ivarr-le-Glacé,Ivarr,Male,VRAI
Jaax le veilleur,Jaax,Male,VRAI
Jabirah,,Female,VRAI
Jadawin,,Male,VRAI
Jaffar,,Male,VRAI
Japonais_3.19,,Male,FAUX
Jeunes nobles_27.7,,Male,FAUX
Jolan Thorgalsson,Jolan,Male,VRAI
Jómsvikings_J10.42.1,,Male,FAUX
Jómsvikings_J10.42.2,,Male,FAUX
Jómsvikings_J10.42.3,,Male,FAUX
Jómsvikings_J10.42.4,,Male,FAUX
Jómsvikings_J10.45,,Male,FAUX
Joril-le-Sacré,Joril,Male,VRAI
Jorund-le-taureau,Jorund,Male,VRAI
Judith Minkelsönn,,Female,VRAI
Kadir,,Male,VRAI
Kahaniel de Valnor,Kahaniel,Male,VRAI
Kaléos,,Male,VRAI
Karsh,,Male,VRAI
Karshan d'Urizen,Karshan,Male,VRAI
Kayla,,Female,VRAI
Ketill,,Male,VRAI
Kheela,,Female,VRAI
Kilda,,Female,VRAI
Kisha,,Female,VRAI
Klöd,,Male,VRAI
Knorr,,Male,VRAI
Knut,,Male,VRAI
Koltar l'aigle,,Male,VRAI
Konoag,,Male,VRAI
Kopakonan,,Female,VRAI
Kratchik,,Male,VRAI
Kriss de Valnor,Kriss,Female,VRAI
Kritchak,,Male,VRAI
Kurt,,Male,VRAI
Kyrstell,,Female,VRAI
La faucheuse,,Unknown,VRAI
Lanfeustsön,,Male,VRAI
Lars Druknar,Lars,Male,VRAI
Lars_16,,Male,VRAI
Légionnaire_K8.27,,Male,FAUX
Lehla,,Female,VRAI
Leif Haraldson,Leif,Male,VRAI
Leif_J1,,Male,VRAI
Leif_J8.29,,Male,VRAI
Lieks,,Male,VRAI
Loki,,Male,VRAI
Loup_16.31,,Male,FAUX
Loup_16.34,,Female,FAUX
Loup_L4.46.1,,Unknown,FAUX
Loup_L4.46.2,,Unknown,FAUX
Loup_L4.46.3,,Unknown,FAUX
Loup_L5.26.1,,Unknown,FAUX
Loup_L5.26.2,,Unknown,FAUX
Loups_1.33,,Unknown,FAUX
Loups_20.18,,Unknown,FAUX
Loups_20.4,,Mixed,FAUX
Loups_K6.4,,Unknown,FAUX
Loups_L2.8,,Mixed,FAUX
Louve Thorgalsdottir,Louve,Female,VRAI
Lundgen,,Male,VRAI
Lutteurs_27.35,,Male,FAUX
Lynx_J5.27,,Unknown,FAUX
Lynx_J5.6,,Unknown,FAUX
Mage rouge_32.29,,Male,FAUX
Mage rouge_34.7.1,,Unknown,FAUX
Mage rouge_34.7.2,,Male,FAUX
Mages rouges_30.40,,Mixed,FAUX
Mages rouges_30.42,,Mixed,FAUX
Mages rouges_34.10,,Unknown,FAUX
Mages rouges_34.12,,Male,FAUX
Mages rouges_34.14,,Male,FAUX
Mages rouges_34.46,,Male,FAUX
Mages rouges_34.47,,Male,FAUX
Mages rouges_35.6,,Male,FAUX
Magnus,,Male,VRAI
Magon,,Male,VRAI
Mahara,,Female,VRAI
Maïïa,,Female,VRAI
Maïka,,Female,VRAI
Maître de cérémonie_27.34,,Male,FAUX
Malades_25.19,,Mixed,FAUX
Malades_25.20.1,,Mixed,FAUX
Malades_25.20.2,,Mixed,FAUX
Malades_25.21.1,,Mixed,FAUX
Malades_25.21.2,,Mixed,FAUX
Malades_25.24,,Mixed,FAUX
Malades_25.41,,Male,FAUX
Malades_25.46,,Mixed,FAUX
Maloc,,Male,VRAI
Mandor,,Male,VRAI
Man-gé,,Female,VRAI
Manthor de Valnor,Manthor,Male,VRAI
Maraudeur_9.17.1,,Male,FAUX
Maraudeur_9.17.2,,Male,FAUX
Maraudeur_9.17.3,,Male,FAUX
Maraudeur_9.17.4,,Male,FAUX
Maraudeur_9.20,,Male,FAUX
Maraudeur_9.21.5,,Male,FAUX
Maraudeur_9.21.6,,Male,FAUX
Maraudeur_9.21.7,,Male,FAUX
Maraudeur_9.21.8,,Male,FAUX
Maraudeurs_15.23,,Male,FAUX
Marchand_34.41,,Male,FAUX
Marchand_34.8,,Male,FAUX
Marchand_K1.18,,Male,FAUX
Marchand_K2.37,,Male,FAUX
Marchand_L4.43,,Male,FAUX
Marchands_J10.15,,Male,FAUX
Marchands_K1.18,,Mixed,FAUX
Marchands_K3.6,,Male,FAUX
Margoulins_34.29,,Male,FAUX
Marin_28.36,,Male,FAUX
Marin_33.11,,Male,FAUX
Marin_33.18,,Male,FAUX
Marin_33.21,,Male,FAUX
Marin_J7.7,,Male,FAUX
Marins_23.16,,Male,FAUX
Marins_32.21,,Male,FAUX
Marins_32.48,,Male,FAUX
Marins_33.12,,Male,FAUX
Marins_33.19,,Male,FAUX
Marins_33.45,,Male,FAUX
Marins_33.48,,Male,FAUX
Marins_34.24,,Male,FAUX
Marins_34.3,,Male,FAUX
Marins_36.39,,Male,FAUX
Marins_37.13,,Male,FAUX
Marins_J5.35,,Male,FAUX
Marins_J6.3,,Male,FAUX
Marins_J6.41,,Male,FAUX
Marins_J7.9,,Male,FAUX
Marins_J8.45,,Male,FAUX
Marins_K7.15,,Male,FAUX
Marins_L5.8,,Male,FAUX
Marins_L6.28,,Male,FAUX
Marziel,,Male,VRAI
Médecin_28.36,,Male,FAUX
Mégères_29.42,,Female,FAUX
Mégères_J2.35,,Female,FAUX
Mégères_L7.25,,Female,FAUX
Mehdi,,Male,VRAI
Mélas,,Male,VRAI
Mercenaires_4.44,,Male,FAUX
Mère d'Anina,,Female,FAUX
Mère de Mýsla,,Female,FAUX
Messager_3.32,,Male,FAUX
Messager_K4.37,,Male,FAUX
Mestor,,Male,VRAI
Meute de Griz_L1.19,,Mixed,FAUX
Migaïl,,Male,VRAI
Mimir,,Male,VRAI
Minoë,,Male,VRAI
Mire_J10.52,,Male,FAUX
Misha,,Male,VRAI
Mjöllnir_Tétras,,Male,VRAI
Modgud,,Female,VRAI
Moldi-le-furieux,Moldi,Male,VRAI
Monstre_29.13,,Unknown,FAUX
Monstre_29.14,,Unknown,FAUX
Monstre_30.20,,Unknown,FAUX
Monstre_5.29,,Male,FAUX
Monstres_K3.7,,Unknown,FAUX
Möntrok,,Male,VRAI
Mörlok,,Male,VRAI
Mortel_29.17,,Male,FAUX
Moulaki,,Male,VRAI
Muff,,Male,VRAI
Muninn,,Unknown,VRAI
Mygg,,Female,VRAI
Myrms_36.16,,Female,FAUX
Myrms_36.19,,Mixed,FAUX
Mýsla,,Female,VRAI
Nain_32.16,,Male,FAUX
Nains_17.39,,Mixed,FAUX
Nains_25.48,,Mixed,FAUX
Nains_7.14,,Unknown,FAUX
Nains_7.30,,Unknown,FAUX
Nains_L2.26,,Male,FAUX
Nains_L6.10,,Unknown,FAUX
Nains_L6.13,,Unknown,FAUX
Nains_L6.17,,Unknown,FAUX
Nains_L6.34,,Male,FAUX
Nains_L6.8.1,,Unknown,FAUX
Nains_L6.8.2,,Unknown,FAUX
Nains_L7.24,,Male,FAUX
Nalin,,Male,VRAI
Naufrageurs_33.12,,Male,FAUX
Nazca,,Male,VRAI
Neokóra,,Unknown,VRAI
Nidhogg,,Male,VRAI
Nigürd Holgersön Ratatösk,Nigürd,Male,VRAI
Nils Hiannsson,Nils,Male,VRAI
Nixe_14.10,,Male,FAUX
Nixe_J1.41,,Female,FAUX
Nixe_J10.13,,Female,FAUX
Nixes_J2.20,,Unknown,FAUX
Nobles_27.14,,Mixed,FAUX
Nobles_27.15,,Mixed,FAUX
Nobles_27.19,,Mixed,FAUX
Nobles_27.28,,Mixed,FAUX
Nobles_27.31,,Male,FAUX
Nobles_27.33,,Mixed,FAUX
Nobles_27.34,,Mixed,FAUX
Nobles_27.7,,Mixed,FAUX
Nobles_K5.13,,Male,FAUX
Nobles_K5.18,,Male,FAUX
Nouvelle gardienne des clés,,Female,FAUX
Oddmar,,Male,VRAI
Oddmar_J8.4,,Male,VRAI
Odin,,Male,VRAI
Odinkar,,Male,VRAI
Officier_27.48,,Male,FAUX
Officier_28.11,,Male,FAUX
Officier_4.25,,Male,FAUX
Officier_40.14,,Unknown,FAUX
Oksekog,,Male,VRAI
Olaf,,Male,VRAI
Olaf Einarson,,Male,VRAI
Olaf_J10.54,,Male,VRAI
Oldarik,,Male,VRAI
Olenk,,Male,VRAI
Olev,,Male,VRAI
Olgave,,Female,VRAI
Olgir_J8.4,,Male,VRAI
Oncle d'Isoline_J7.26,,Male,FAUX
Opale d'Alhard,,Female,VRAI
Orchias,,Male,VRAI
Orgoff,,Male,VRAI
Ornulla,,Female,VRAI
Orque_33.33,,Female,FAUX
Orque_33.36,,Unknown,FAUX
Orques_33.44,,Unknown,FAUX
Orwald,,Male,VRAI
Osian,,Male,VRAI
Ottar,,Male,VRAI
Ottar_J8.4,,Male,VRAI
Ours_18.3,,Unknown,FAUX
Ours_L5.29,,Unknown,FAUX
Palefrenier_1.15,,Male,FAUX
Pallas,,Female,VRAI
Palnatoki,,Male,VRAI
Panthères_27.22,,Unknown,FAUX
Participants_27.34,,Male,FAUX
Participants_27.36,,Male,FAUX
Participants_27.38,,Male,FAUX
Participants_27.39,,Male,FAUX
Parties sauvages_L3.44,,Female,FAUX
Partisans de Björn_J7.12,,Male,FAUX
Passagers_33.12,,Mixed,FAUX
Passant_28.36,,Male,FAUX
Passant_J7.26,,Male,FAUX
Passants_24.25,,Male,FAUX
Passants_25.3,,Mixed,FAUX
Passants_28.36,,Mixed,FAUX
Passeur_28.4,,Male,FAUX
Passeuse d'Ayyur,,Female,FAUX
Patö,,Unknown,VRAI
Patrouille_6.17,,Male,FAUX
Paysan_K5.16,,Male,FAUX
Pêcheur_20.47,,Male,FAUX
Pêcheur_38.28,,Male,FAUX
Pêcheurs_20.27,,Male,FAUX
Pêcheurs_38.11,,Male,FAUX
Pêcheurs_38.20,,Male,FAUX
Pêcheurs_38.27,,Male,FAUX
Pêcheurs_38.28,,Male,FAUX
Peläzza,,Male,VRAI
Pélerins_37.16,,Mixed,FAUX
Pélerins_37.3,,Male,FAUX
Pélerins_37.47,,Mixed,FAUX
Pélerins_37.9,,Mixed,FAUX
Père de Mýsla,,Male,FAUX
Père de Skaedhi,,Male,FAUX
Père_J8.4,,Male,FAUX
Petrov,,Male,VRAI
Peuple du nord_33.8,,Mixed,FAUX
Phulos_40.17,,Male,FAUX
Phulos_40.35.1,,Male,FAUX
Phulos_40.35.2,,Male,FAUX
Pier,,Male,VRAI
Pirates_25.28,,Male,FAUX
Pirates_25.31,,Male,FAUX
Pirates_25.34,,Mixed,FAUX
Pirates_25.38,,Male,FAUX
Pirates_25.7,,Male,FAUX
Pjer,,Male,VRAI
Plongeur_33.32,,Male,FAUX
Pornek,,Male,VRAI
Poule_L6.31,,Female,FAUX
Poupées_K1.45,,Female,FAUX
Poursuivants_24.3,,Male,FAUX
Poursuivants19.21,,Male,FAUX
Prétendants_39.12,,Male,FAUX
Prétendants_J3.23,,Male,FAUX
Prêtre_9.5,,Male,FAUX
Prisionniers_37.14,,Mixed,FAUX
Prisonnier_37.14,,Male,FAUX
Prisonnier_K5.8,,Male,FAUX
Prisonnière_5.28,,Female,FAUX
Prisonniers_33.21,,Male,FAUX
Prisonniers_36.14,,Male,FAUX
Prisonniers_36.19,,Mixed,FAUX
Prisonniers_39.23,,Mixed,FAUX
Prisonniers_J7.33,,Male,FAUX
Prisonniers_J8.36,,Male,FAUX
Prisonniers_J8.42,,Male,FAUX
Prisonniers_K8.25,,Mixed,FAUX
Prostituées_23.16,,Female,FAUX
Quarl,,Male,VRAI
Rabatteurs_29.3,,Male,FAUX
Radon l'aigle,,Unknown,VRAI
Rafat,,Male,VRAI
Ragna,,Female,VRAI
Ragnar_J10.39,,Male,VRAI
Ragnhild,,Female,VRAI
Rahmi,,Male,VRAI
Raïssa,,Female,VRAI
Ramaha la Völva,Ramaha,Female,VRAI
Ran le homard,,Female,VRAI
Rebelles_18.21,,Male,FAUX
Rebelles_18.25,,Mixed,FAUX
Rebelles_18.42,,Male,FAUX
Rebelles_40.24,,Mixed,FAUX
Reine d'Umbria,,Female,VRAI
Reine Guustavson_K3.19,,Female,FAUX
Religieux_K4.32,,Male,FAUX
Remik,,Male,VRAI
Reynöld,,Male,VRAI
Roi d'Umbria,,Male,FAUX
Roi Geirroed,,Male,VRAI
Rorik,,Male,VRAI
Runa,,Female,VRAI
Rylynn,,Male,VRAI
Sacrifiés_10.25,,Mixed,FAUX
Sages-femmes_J9.5,,Female,FAUX
Salouma,,Female,VRAI
Samios,,Male,VRAI
Sanøj,,Male,VRAI
Sarasin_3.19,,Male,FAUX
Sardaz l'écorché,Sardaz,Male,VRAI
Sardham,,Male,VRAI
Sargon,,Male,VRAI
Savant_6.3,,Male,FAUX
Saxons_J7.17,,Male,FAUX
Sbire_6.20,,Male,FAUX
Schwitz,,Male,VRAI
Scientifiques_40.22,,Male,FAUX
Scientifiques_6.7,,Male,FAUX
Seck,,Male,VRAI
Second d'Harald_J7.35.1,,Male,FAUX
Second_K7.18,,Male,FAUX
Seigneur d'Alhard,,Male,VRAI
Seigneur_29.3,,Male,FAUX
Selkie_38.4,,Female,FAUX
Selkies_38.25,,Female,FAUX
Séréna,,Female,VRAI
Serpent_5.19,,Unknown,FAUX
Serväan,,Female,VRAI
Servane Minkelsönn,,Female,VRAI
Servante_10.45,,Female,FAUX
Servante_34.39,,Female,FAUX
Servante_37.15,,Female,FAUX
Servante_39.17,,Female,FAUX
Servante_J7.46,,Female,FAUX
Servante_J8.16,,Female,FAUX
Servante_K4.27,,Female,FAUX
Servante_K5.13,,Female,FAUX
Servantes_10.29,,Female,FAUX
Servantes_11.37,,Female,FAUX
Servantes_19.19,,Female,FAUX
Servantes_34.42,,Female,FAUX
Servantes_37.20,,Female,FAUX
Servantes_K4.27,,Female,FAUX
Servantes_K4.34,,Female,FAUX
Servants_J10.13,,Male,FAUX
Servants_J10.38,,Mixed,FAUX
Serveuse_K1.33,,Female,FAUX
Serviteur_21.3,,Male,FAUX
Serviteur_34.27,,Male,FAUX
Serviteur_34.32,,Male,FAUX
Serviteur_34.40,,Male,FAUX
Serviteur_J10.36,,Male,FAUX
Serviteur_J5.48,,Male,FAUX
Serviteur_K4.29,,Male,FAUX
Serviteurs_25.44,,Male,FAUX
Serviteurs_30.47,,Unknown,FAUX
Serviteurs_31.5,,Male,FAUX
Serviteurs_J8.22,,Mixed,FAUX
Serviteurs_J8.27,,Mixed,FAUX
Serviteurs_J8.28,,Mixed,FAUX
Serviteurs_J8.29,,Mixed,FAUX
Serviteurs_J8.7,,Mixed,FAUX
Serviteurs_K4.37,,Mixed,FAUX
Shaniah,,Female,VRAI
Shardar-le-puissant,Shardar,Male,VRAI
Sharn,,Male,VRAI
Shazade,,Female,VRAI
Shenko,,Male,VRAI
Shirine,,Female,VRAI
Sif,,Female,VRAI
Sigurd Danysön,Sigurd,Male,VRAI
Sigurd_3.19,,Female,VRAI
Sigurd_J1.36,,Male,VRAI
Sigurd_J7.15,,Male,VRAI
Sigvalda,,Female,VRAI
Sigvaldi,,Male,VRAI
Sigwald-le-Brûlé,Sigwald,Male,VRAI
Siloé,,Female,VRAI
Skadia,,Female,VRAI
Skaedhi,,Female,VRAI
Skald,,Male,VRAI
Skraëlings_39.31,,Male,FAUX
Skraëlings_39.38,,Female,FAUX
Skraëlings_39.44,,Male,FAUX
Skraëlings_40.20,,Mixed,FAUX
Skraëlings_40.27,,Male,FAUX
Skraëlings_40.36,,Male,FAUX
Skuld,,Female,VRAI
Skuli,,Male,VRAI
Slargh Vensson,Slargh,Male,VRAI
Slive,,Female,VRAI
Slugs_2.33,,Mixed,FAUX
Slugs_2.34,,Mixed,FAUX
Slugs_2.38,,Male,FAUX
Slugs_2.40,,Mixed,FAUX
Slugs_40.14,,Mixed,FAUX
Slugs_40.16,,Mixed,FAUX
Slugs_40.25,,Male,FAUX
Soldat_12.8,,Male,FAUX
Soldat_16.31.2,,Male,FAUX
Soldat_16.31.3,,Male,FAUX
Soldat_16.31.4,,Male,FAUX
Soldat_23.11.1,,Male,FAUX
Soldat_23.11.2,,Male,FAUX
Soldat_23.11.3,,Male,FAUX
Soldat_23.33.1,,Male,FAUX
Soldat_23.33.2,,Male,FAUX
Soldat_23.33.3,,Male,FAUX
Soldat_23.33.4,,Male,FAUX
Soldat_23.33.5,,Male,FAUX
Soldat_23.33.6,,Male,FAUX
Soldat_28.10.1,,Male,FAUX
Soldat_28.10.2,,Male,FAUX
Soldat_34.7,,Male,FAUX
Soldat_J10.40,,Male,FAUX
Soldat_J3.25,,Male,FAUX
Soldat_K2.10.1,,Male,FAUX
Soldat_K2.10.2,,Male,FAUX
Soldat_K2.10.3,,Male,FAUX
Soldat_K2.10.4,,Male,FAUX
Soldat_K2.10.5,,Male,FAUX
Soldat_K5.44,,Male,FAUX
Soldat_K5.45,,Male,FAUX
Soldat_K5.47,,Male,FAUX
Soldat_K5.6,,Male,FAUX
Soldat_K7.28,,Male,FAUX
Soldats_15.33,,Male,FAUX
Soldats_15.45,,Male,FAUX
Soldats_16.3,,Male,FAUX
Soldats_18.15,,Male,FAUX
Soldats_18.29,,Male,FAUX
Soldats_18.31,,Male,FAUX
Soldats_18.39,,Male,FAUX
Soldats_27.32,,Male,FAUX
Soldats_27.33,,Male,FAUX
Soldats_27.46,,Male,FAUX
Soldats_27.47,,Male,FAUX
Soldats_27.48,,Male,FAUX
Soldats_28.10,,Male,FAUX
Soldats_28.11,,Male,FAUX
Soldats_28.37,,Male,FAUX
Soldats_28.6,,Male,FAUX
Soldats_29.7,,Male,FAUX
Soldats_33.21,,Male,FAUX
Soldats_33.32,,Male,FAUX
Soldats_33.40,,Male,FAUX
Soldats_34.45,,Male,FAUX
Soldats_34.7,,Male,FAUX
Soldats_35.17,,Male,FAUX
Soldats_37.13,,Male,FAUX
Soldats_37.20,,Male,FAUX
Soldats_4.28,,Male,FAUX
Soldats_4.31,,Male,FAUX
Soldats_4.36,,Male,FAUX
Soldats_41.11,,Male,FAUX
Soldats_41.48,,Male,FAUX
Soldats_6.15,,Male,FAUX
Soldats_J10.23,,Male,FAUX
Soldats_J10.42.1,,Male,FAUX
Soldats_J10.42.2,,Male,FAUX
Soldats_J3.35,,Male,FAUX
Soldats_J5.18,,Male,FAUX
Soldats_J7.20,,Male,FAUX
Soldats_K2.12,,Male,FAUX
Soldats_K2.6,,Male,FAUX
Soldats_K3.16,,Male,FAUX
Soldats_K3.20,,Male,FAUX
Soldats_K3.29,,Male,FAUX
Soldats_K3.3,,Male,FAUX
Soldats_K3.33,,Male,FAUX
Soldats_K3.36,,Male,FAUX
Soldats_K3.44,,Male,FAUX
Soldats_K3.7,,Unknown,FAUX
Soldats_K4.30,,Male,FAUX
Soldats_K4.9,,Male,FAUX
Soldats_K5.10,,Male,FAUX
Soldats_K7.18,,Male,FAUX
Soldats_K7.28,,Male,FAUX
Soldats_K8.24,,Male,FAUX
Soldats_K8.25,,Male,FAUX
Soldats_K8.26,,Male,FAUX
Solveig,,Female,VRAI
Sonja,,Female,VRAI
Sorgut,,Male,VRAI
Sourkov,,Male,VRAI
Spectateurs_1.15,,Mixed,FAUX
Spectateurs_27.22,,Mixed,FAUX
Spectateurs_6.4,,Mixed,FAUX
Spectateurs_9.25,,Mixed,FAUX
Spectateurs_9.29,,Mixed,FAUX
Spectateurs_J3.20,,Mixed,FAUX
Spectateurs_J3.23,,Mixed,FAUX
Stieg,,Male,VRAI
Storböndi_38.11,,Male,VRAI
Störbondi_J10.15,,Male,FAUX
Suivantes_34.11,,Female,FAUX
Suivantes_J10.10,,Female,FAUX
Suppliciés_12.4,,Male,FAUX
Sven_41.8,,Male,VRAI
Sven_L4.17,,Male,VRAI
Sveynn Tiuguskegg,Sveynn,Male,VRAI
Swanée,,Female,VRAI
Sy-Aesa,,Female,VRAI
Sydöbalak,,Female,VRAI
Sydönia,,Female,VRAI
Syrane,,Female,VRAI
Tabor l'aigle,,Unknown,VRAI
Taïmyr,,Female,VRAI
Techniciens_26.29,,Male,FAUX
Thing_17.26,,Male,FAUX
Thing_20.10,,Male,FAUX
Thing_29.43,,Male,FAUX
Thor,,Male,VRAI
Thorbiorg,,Female,VRAI
Thorfil,,Male,VRAI
Thorfill,,Male,VRAI
Thorgal Aegirsson,Thorgal,Male,VRAI
Thörn,,Male,VRAI
Thraces_27.47,,Male,FAUX
Thyra,,Female,VRAI
Tiago,,Male,VRAI
Tibrus,,Male,VRAI
Tjahzi,,Male,VRAI
Tjall le Fougueux,Tjall,Male,VRAI
Tjodrik,,Male,VRAI
Tlalac,,Male,VRAI
Tómr_41.16,,Male,VRAI
Torric,,Male,VRAI
Triesse,,Male,VRAI
Trondur Gotuskegg,Trondur ,Male,VRAI
Troy,,Male,VRAI
Trygve Karhamasönn,Trygve,Male,VRAI
Tupilak_39.5,,Unknown,FAUX
Tupilaks_40.30,,Unknown,FAUX
Turban_3.19,,Male,FAUX
Tyr,,Male,VRAI
Uébac,,Male,VRAI
Uhn,,Male,VRAI
Urd,,Female,VRAI
Urgh,,Male,VRAI
Vaisseau ennemi_10.34.1,,Mixed,FAUX
Vaisseau ennemi_10.34.2,,Mixed,FAUX
Vaisseau ennemi_10.42.1,,Mixed,FAUX
Vaisseau ennemi_10.42.2,,Mixed,FAUX
Vaisseau ennemi_10.42.3,,Mixed,FAUX
Variay,,Male,VRAI
Varrak,,Male,VRAI
Varth,,Male,VRAI
Vassaux_K3.18,,Male,FAUX
Vassaux_K3.44,,Male,FAUX
Vassaux_K4.3,,Male,FAUX
Vättern,,Male,VRAI
Veilleur_21.42,,Male,FAUX
Vendeur_K2.18,,Male,FAUX
Verdandi,,Female,VRAI
Véronar,,Male,VRAI
Vialane,,Female,VRAI
Victimes_K8.45,,Mixed,FAUX
Vidkunn,,Male,VRAI
Vieillard_2.28,,Male,FAUX
Vieillard_31.36,,Male,FAUX
Vieillard_K3.30,,Male,FAUX
Vieillarde_28.36,,Female,FAUX
Vigrid,,Male,VRAI
Vigrid_20.3,,Female,VRAI
Viking_14.19,,Male,FAUX
Viking_J1.3,,Male,FAUX
Viking_J10.54,,Male,FAUX
Viking_J2.44,,Male,FAUX
Viking_K5.27,,Male,FAUX
Viking_L2.8,,Male,FAUX
Viking_L3.26,,Male,FAUX
Vikings_14.13,,Mixed,FAUX
Vikings_14.17,,Mixed,FAUX
Vikings_14.19,,Mixed,FAUX
Vikings_14.26,,Male,FAUX
Vikings_14.3,,Male,FAUX
Vikings_14.4,,Male,FAUX
Vikings_16.24,,Male,FAUX
Vikings_16.29,,Unknown,FAUX
Vikings_16.35,,Male,FAUX
Vikings_16.6,,Male,FAUX
Vikings_2.10,,Male,FAUX
Vikings_2.4,,Male,FAUX
Vikings_20.40,,Male,FAUX
Vikings_20.9,,Male,FAUX
Vikings_31.11,,Male,FAUX
Vikings_37.21.1,,Male,FAUX
Vikings_37.21.2,,Male,FAUX
Vikings_37.21.3,,Male,FAUX
Vikings_37.9,,Male,FAUX
Vikings_4.33,,Male,FAUX
Vikings_6.29,,Male,FAUX
Vikings_6.9.1,,Male,FAUX
Vikings_6.9.2,,Male,FAUX
Vikings_7.16,,Male,FAUX
Vikings_7.20,,Mixed,FAUX
Vikings_7.3,,Male,FAUX
Vikings_7.4,,Male,FAUX
Vikings_J1.36,,Male,FAUX
Vikings_J1.5,,Male,FAUX
Vikings_J10.3.1,,Male,FAUX
Vikings_J10.3.2,,Male,FAUX
Vikings_J10.45,,Male,FAUX
Vikings_J10.48,,Male,FAUX
Vikings_J10.54,,Male,FAUX
Vikings_J2.45,,Male,FAUX
Vikings_J3.20,,Male,FAUX
Vikings_J3.29,,Mixed,FAUX
Vikings_J4.28,,Mixed,FAUX
Vikings_J6.33,,Male,FAUX
Vikings_J6.9,,Male,FAUX
Vikings_J7.12,,Male,FAUX
Vikings_J7.25,,Male,FAUX
Vikings_J7.3,,Mixed,FAUX
Vikings_J7.35,,Male,FAUX
Vikings_J7.8,,Male,FAUX
Vikings_J8.29,,Mixed,FAUX
Vikings_J8.42,,Male,FAUX
Vikings_J9.5.1,,Male,FAUX
Vikings_J9.5.2,,Male,FAUX
Vikings_J9.7,,Male,FAUX
Vikings_K6.56,,Male,FAUX
Vikings_L2.42,,Male,FAUX
Vikings_L4.43,,Male,FAUX
Vikings_L5.3,,Male,FAUX
Villageois_10.36,,Mixed,FAUX
Villageois_11.13,,Mixed,FAUX
Villageois_16.3,,Female,FAUX
Villageois_16.38,,Mixed,FAUX
Villageois_17.17,,Mixed,FAUX
Villageois_19.16,,Mixed,FAUX
Villageois_20.28,,Mixed,FAUX
Villageois_20.3,,Mixed,FAUX
Villageois_20.8,,Mixed,FAUX
Villageois_24.11,,Mixed,FAUX
Villageois_24.21,,Male,FAUX
Villageois_24.26,,Mixed,FAUX
Villageois_24.29,,Male,FAUX
Villageois_24.47,,Mixed,FAUX
Villageois_25.15,,Mixed,FAUX
Villageois_25.48,,Mixed,FAUX
Villageois_25.5,,Mixed,FAUX
Villageois_26.16,,Mixed,FAUX
Villageois_29.43,,Mixed,FAUX
Villageois_3.5,,Mixed,FAUX
Villageois_31.38,,Mixed,FAUX
Villageois_32.4,,Male,FAUX
Villageois_32.5,,Mixed,FAUX
Villageois_32.7,,Mixed,FAUX
Villageois_33.17,,Mixed,FAUX
Villageois_33.32,,Mixed,FAUX
Villageois_34.7,,Mixed,FAUX
Villageois_36.39,,Mixed,FAUX
Villageois_37.13,,Male,FAUX
Villageois_38.28,,Male,FAUX
Villageois_39.12,,Mixed,FAUX
Villageois_4.3,,Mixed,FAUX
Villageois_4.5,,Mixed,FAUX
Villageois_41.25,,Mixed,FAUX
Villageois_J1.10,,Mixed,FAUX
Villageois_J1.3,,Mixed,FAUX
Villageois_J1.4,,Mixed,FAUX
Villageois_J10.15,,Male,FAUX
Villageois_J10.3,,Mixed,FAUX
Villageois_J10.41,,Mixed,FAUX
Villageois_J10.42.1,,Mixed,FAUX
Villageois_J10.42.2,,Mixed,FAUX
Villageois_J10.42.3,,Mixed,FAUX
Villageois_J10.47,,Mixed,FAUX
Villageois_J10.5,,Male,FAUX
Villageois_J2.27.1,,Male,FAUX
Villageois_J2.27.2,,Male,FAUX
Villageois_J2.27.3,,Male,FAUX
Villageois_J2.27.4,,Male,FAUX
Villageois_J2.27.5,,Male,FAUX
Villageois_J2.28,,Mixed,FAUX
Villageois_J2.39,,Male,FAUX
Villageois_J2.45,,Mixed,FAUX
Villageois_J3.10,,Male,FAUX
Villageois_J3.17,,Mixed,FAUX
Villageois_J3.3,,Mixed,FAUX
Villageois_J3.9,,Mixed,FAUX
Villageois_J4.32,,Male,FAUX
Villageois_J5.4,,Mixed,FAUX
Villageois_J5.41,,Mixed,FAUX
Villageois_J6.11,,Mixed,FAUX
Villageois_K1.22,,Male,FAUX
Villageois_K1.32.1,,Mixed,FAUX
Villageois_K1.32.2,,Mixed,FAUX
Villageois_K1.32.3,,Mixed,FAUX
Villageois_K1.32.4,,Mixed,FAUX
Villageois_K2.13.1,,Male,FAUX
Villageois_K2.13.2,,Mixed,FAUX
Villageois_K2.14,,Mixed,FAUX
Villageois_K2.18,,Mixed,FAUX
Villageois_K2.26,,Mixed,FAUX
Villageois_K2.27.1,,Male,FAUX
Villageois_K2.27.2,,Male,FAUX
Villageois_K2.27.3,,Male,FAUX
Villageois_K2.27.4,,Male,FAUX
Villageois_K2.28,,Mixed,FAUX
Villageois_K2.32,,Mixed,FAUX
Villageois_K3.20,,Male,FAUX
Villageois_K3.21,,Mixed,FAUX
Villageois_K3.3,,Mixed,FAUX
Villageois_K3.31,,Male,FAUX
Villageois_K3.35,,Mixed,FAUX
Villageois_K4.15,,Male,FAUX
Villageois_L1.35,,Mixed,FAUX
Villageois_L2.42,,Mixed,FAUX
Villageois_L3.47,,Mixed,FAUX
Villageois_L4.17,,Mixed,FAUX
Villageois_L4.26,,Mixed,FAUX
Villageois_L4.5,,Mixed,FAUX
Villageois_L7.26,,Mixed,FAUX
Villageoise_14.16,,Female,FAUX
Villageoise_14.17,,Female,FAUX
Villageoise_39.12,,Female,FAUX
Villageoise_J4.32,,Female,FAUX
Villageoise_K2.25.1,,Female,FAUX
Villageoises_17.22,,Female,FAUX
Villageoises_20.13,,Female,FAUX
Villageoises_20.3,,Female,FAUX
Villageoises_J7.32,,Female,FAUX
Villageoises_K1.22,,Female,FAUX
Vilnya,,Female,VRAI
Viskön,,Male,VRAI
Vlana,,Female,VRAI
Voleur_19.5.1,,Male,FAUX
Voleur_20.24.1,,Male,FAUX
Voleur_20.24.2,,Male,FAUX
Voleur_J5.24.1,,Male,FAUX
Voleur_J5.24.2,,Male,FAUX
Voleur_J5.24.3,,Male,FAUX
Voleur_J5.24.4,,Male,FAUX
Voleur_J5.24.5,,Male,FAUX
Voleurs_34.13,,Male,FAUX
Voleurs_K2.15,,Male,FAUX
Volsung de Nichor,Volsung,Male,VRAI
Voriaz,,Male,VRAI
Votiak,,Male,VRAI
Voyante_K2.20,,Female,FAUX
Vylnia,,Female,VRAI
Walkyrie_K3.7,,Female,FAUX
Walkyries_K1.3,,Female,FAUX
Walkyries_K2.5,,Female,FAUX
Walkyries_K3.7,,Female,FAUX
Wargan,,Male,VRAI
Woniaz d'Ourbek,Woniaz,Male,VRAI
Wor-le-magnifique,Wor,Male,VRAI
Wulf,,Male,VRAI
Xargos,,Male,VRAI
Xia,,Female,VRAI
Xinjin_10.27,,Male,FAUX
Xinjins_10.26.1,,Mixed,FAUX
Xinjins_10.26.2,,Mixed,FAUX
Xinjins_11.45,,Mixed,FAUX
Xinjins_21.14,,Mixed,FAUX
Yarilo,,Male,VRAI
Yasmina,,Female,VRAI
Yénhäa_36.33,,Female,FAUX
Yénhäas_36.10,,Female,FAUX
Yénhäas_36.14,,Female,FAUX
Yénhäas_36.18,,Female,FAUX
Yénhäas_36.21,,Female,FAUX
Yénhäas_36.26,,Female,FAUX
Yénhäas_36.31,,Female,FAUX
Yngvi l'anachorète,Yngvi,Male,VRAI
Yrettarg,,Female,VRAI
Yvön,,Male,VRAI
Zajkar,,Male,VRAI
Zarkaj,,Male,VRAI
Zaya,,Female,VRAI
Zim,,Female,VRAI
Zorn,,Male,VRAI
