Series,Volume,StartPage,EndPage,Pages,Title,Month,Year,Arc,Rank
A Game of Thrones,AGOT01,3,31,29,Issue 1,03,2012,ASOIAF,1
A Game of Thrones,AGOT02,3,31,29,Issue 2,03,2012,ASOIAF,2
A Game of Thrones,AGOT03,3,31,29,Issue 3,03,2012,ASOIAF,3
A Game of Thrones,AGOT04,3,31,29,Issue 4,03,2012,ASOIAF,4
A Game of Thrones,AGOT05,3,31,29,Issue 5,03,2012,ASOIAF,5
A Game of Thrones,AGOT06,3,31,29,Issue 6,03,2012,ASOIAF,6
A Game of Thrones,AGOT07,3,30,28,Issue 7,06,2013,ASOIAF,7
A Game of Thrones,AGOT08,3,31,29,Issue 8,06,2013,ASOIAF,8
A Game of Thrones,AGOT09,3,31,29,Issue 9,06,2013,ASOIAF,9
A Game of Thrones,AGOT10,3,31,29,Issue 10,06,2013,ASOIAF,10
A Game of Thrones,AGOT11,3,31,29,Issue 11,06,2013,ASOIAF,11
A Game of Thrones,AGOT12,3,31,29,Issue 12,06,2013,ASOIAF,12
A Game of Thrones,AGOT13,3,31,29,Issue 13,03,2014,ASOIAF,13
A Game of Thrones,AGOT14,3,31,29,Issue 14,03,2014,ASOIAF,14
A Game of Thrones,AGOT15,3,31,29,Issue 15,03,2014,ASOIAF,15
A Game of Thrones,AGOT16,3,31,29,Issue 16,03,2014,ASOIAF,16
A Game of Thrones,AGOT17,3,31,29,Issue 17,03,2014,ASOIAF,17
A Game of Thrones,AGOT18,3,31,29,Issue 18,03,2014,ASOIAF,18
A Game of Thrones,AGOT19,3,30,28,Issue 19,05,2015,ASOIAF,19
A Game of Thrones,AGOT20,3,31,29,Issue 20,05,2015,ASOIAF,20
A Game of Thrones,AGOT21,3,30,28,Issue 21,05,2015,ASOIAF,21
A Game of Thrones,AGOT22,3,31,29,Issue 22,05,2015,ASOIAF,22
A Game of Thrones,AGOT23,3,31,29,Issue 23,05,2015,ASOIAF,23
A Game of Thrones,AGOT24,3,31,29,Issue 24,05,2015,ASOIAF,24
A Clash of Kings P1,ACOK01,6,26,21,Issue 1,10,2018,ASOIAF,25
A Clash of Kings P1,ACOK02,4,24,21,Issue 2,10,2018,ASOIAF,26
A Clash of Kings P1,ACOK03,4,24,21,Issue 3,10,2018,ASOIAF,27
A Clash of Kings P1,ACOK04,4,24,21,Issue 4,10,2018,ASOIAF,28
A Clash of Kings P1,ACOK05,4,24,21,Issue 5,10,2018,ASOIAF,29
A Clash of Kings P1,ACOK06,4,24,21,Issue 6,10,2018,ASOIAF,30
A Clash of Kings P1,ACOK07,4,22,19,Issue 7,10,2018,ASOIAF,31
A Clash of Kings P1,ACOK08,4,23,20,Issue 8,10,2018,ASOIAF,32
A Clash of Kings P1,ACOK09,4,24,21,Issue 9,10,2019,ASOIAF,33
A Clash of Kings P1,ACOK10,4,24,21,Issue 10,10,2019,ASOIAF,34
A Clash of Kings P1,ACOK11,4,23,20,Issue 11,10,2019,ASOIAF,35
A Clash of Kings P1,ACOK12,4,23,20,Issue 12,10,2019,ASOIAF,36
A Clash of Kings P1,ACOK13,4,24,21,Issue 13,10,2019,ASOIAF,37
A Clash of Kings P1,ACOK14,4,24,21,Issue 14,10,2019,ASOIAF,38
A Clash of Kings P1,ACOK15,4,24,21,Issue 15,10,2019,ASOIAF,39
A Clash of Kings P1,ACOK16,4,23,20,Issue 16,10,2019,ASOIAF,40
A Clash of Kings P2,ACOK17,5,25,21,Issue 1,11,2021,ASOIAF,41
A Clash of Kings P2,ACOK18,4,24,21,Issue 2,11,2021,ASOIAF,42
A Clash of Kings P2,ACOK19,4,24,21,Issue 3,11,2021,ASOIAF,43
A Clash of Kings P2,ACOK20,4,24,21,Issue 4,11,2021,ASOIAF,44
A Clash of Kings P2,ACOK21,4,24,21,Issue 5,11,2021,ASOIAF,45
A Clash of Kings P2,ACOK22,4,23,20,Issue 6,11,2021,ASOIAF,46
A Clash of Kings P2,ACOK23,4,24,21,Issue 7,11,2021,ASOIAF,47
A Clash of Kings P2,ACOK24,4,24,21,Issue 8,11,2021,ASOIAF,48
A Clash of Kings P2,ACOK25,4,24,21,Issue 9,10,2022,ASOIAF,49
A Clash of Kings P2,ACOK26,4,24,21,Issue 10,10,2022,ASOIAF,50
A Clash of Kings P2,ACOK27,4,24,21,Issue 11,10,2022,ASOIAF,51
A Clash of Kings P2,ACOK28,4,21,18,Issue 12,10,2022,ASOIAF,52
A Clash of Kings P2,ACOK29,4,24,21,Issue 13,10,2022,ASOIAF,53
A Clash of Kings P2,ACOK30,4,24,21,Issue 14,10,2022,ASOIAF,54
A Clash of Kings P2,ACOK31,4,24,21,Issue 15,10,2022,ASOIAF,55
A Clash of Kings P2,ACOK32,4,24,21,Issue 16,10,2022,ASOIAF,56
