"SceneId";"ArcId";"Volume";"VolumeId";"StartPage";"StartPageId";"StartPanel";"StartPanelId";"EndPage";"EndPageId";"EndPanel";"EndPanelId";"Rank";"Panels";"Pages";"Characters";"MatchStart";"MatchEnd";"MatchBoth";"Characters";"Annotation"
43;1;"02";2;3;47;1;294;3;47;3;296;905;3;1;4;"TRUE";"TRUE";"TRUE";"Aaricia Gandalfsdottir,Radon l'aigle,Solveig,Tabor l'aigle";"FALSE"
45;1;"02";2;4;48;5;301;6;50;6;313;907;13;3;4;"FALSE";"TRUE";"FALSE";"Aaricia Gandalfsdottir,Radon l'aigle,Solveig,Tabor l'aigle";"FALSE"
46;1;"02";2;7;51;1;314;7;51;4;317;908;4;1;4;"TRUE";"FALSE";"FALSE";"Aaricia Gandalfsdottir,Akwila,Radon l'aigle,Tabor l'aigle";"TRUE"
407;5;"08";8;38;358;5;2218;39;359;1;2220;1211;3;2;2;"FALSE";"FALSE";"FALSE";"Aaricia Gandalfsdottir,Chèvre_8.38";"NA"
594;6;"11";11;9;467;3;2946;10;468;1;2953;1398;8;2;2;"FALSE";"FALSE";"FALSE";"Aaricia Gandalfsdottir,Kriss de Valnor";"TRUE"
692;6;"12";12;35;539;10;3451;35;539;10;3451;1496;1;1;2;"FALSE";"TRUE";"FALSE";"Aaricia Gandalfsdottir,Kriss de Valnor";"TRUE"
710;6;"13";13;7;557;8;3589;7;557;9;3590;1514;2;1;2;"FALSE";"TRUE";"FALSE";"Aaricia Gandalfsdottir,Bé-ki";"FALSE"
783;4;"14";14;16;612;7;3999;17;613;1;4000;78;2;2;2;"FALSE";"FALSE";"FALSE";"Aaricia Gandalfsdottir,Villageoise_14.16";"TRUE"
784;4;"14";14;17;613;2;4001;17;613;3;4002;79;2;1;2;"FALSE";"FALSE";"FALSE";"Aaricia Gandalfsdottir,Villageoise_14.17";"TRUE"
805;4;"14";14;35;631;1;4119;35;631;6;4124;100;6;1;2;"TRUE";"TRUE";"TRUE";"Aaricia Gandalfsdottir,Solveig";"FALSE"
923;7;"16";16;34;722;7;4785;35;723;5;4791;1676;7;2;2;"FALSE";"FALSE";"FALSE";"Aaricia Gandalfsdottir,Loup_16.34";"FALSE"
926;7;"16";16;37;725;1;4800;37;725;3;4802;1679;3;1;2;"TRUE";"FALSE";"FALSE";"Aaricia Gandalfsdottir,Loup_16.34";"TRUE"
928;7;"16";16;37;725;5;4804;37;725;7;4806;1681;3;1;2;"FALSE";"FALSE";"FALSE";"Aaricia Gandalfsdottir,Loup_16.34";"TRUE"
943;7;"16";16;48;736;3;4884;48;736;3;4884;1696;1;1;2;"FALSE";"FALSE";"FALSE";"Aaricia Gandalfsdottir,Louve Thorgalsdottir";"NA"
1145;8;"20";20;3;875;1;5917;3;875;2;5918;1754;2;1;3;"TRUE";"FALSE";"FALSE";"Ernhild,Vigrid_20.3,Villageoises_20.3";"FALSE"
1216;8;"20";20;33;905;1;6138;33;905;8;6145;1825;8;1;3;"TRUE";"TRUE";"TRUE";"Aaricia Gandalfsdottir,Kriss de Valnor,Louve Thorgalsdottir";"FALSE"
1463;8;"23";23;40;1050;8;7248;40;1050;8;7248;2072;1;1;2;"FALSE";"TRUE";"FALSE";"Aaricia Gandalfsdottir,Lehla";"NA"
1500;9;"24";24;20;1076;5;7440;20;1076;7;7442;2253;3;1;3;"FALSE";"FALSE";"FALSE";"Araignée_24.20,Louve Thorgalsdottir,Séréna";"TRUE"
1506;9;"24";24;25;1081;1;7473;25;1081;5;7477;2259;5;1;2;"TRUE";"FALSE";"FALSE";"Louve Thorgalsdottir,Séréna";"FALSE"
1509;9;"24";24;26;1082;1;7480;26;1082;1;7480;2262;1;1;2;"TRUE";"FALSE";"FALSE";"Louve Thorgalsdottir,Séréna";"FALSE"
1522;9;"24";24;28;1084;1;7494;28;1084;1;7494;2275;1;1;2;"TRUE";"FALSE";"FALSE";"Louve Thorgalsdottir,Séréna";"FALSE"
1524;9;"24";24;28;1084;6;7499;28;1084;8;7501;2277;3;1;2;"FALSE";"TRUE";"FALSE";"Louve Thorgalsdottir,Séréna";"FALSE"
1617;9;"25";25;40;1142;7;7945;40;1142;7;7945;2370;1;1;2;"FALSE";"TRUE";"FALSE";"Aaricia Gandalfsdottir,Louve Thorgalsdottir";"FALSE"
1855;10;"28";28;34;1274;1;8914;35;1275;3;8924;2608;11;2;2;"TRUE";"FALSE";"FALSE";"Aaricia Gandalfsdottir,Kriss de Valnor";"FALSE"
1958;11;"30";30;7;1339;6;9394;7;1339;8;9396;2933;3;1;2;"FALSE";"TRUE";"FALSE";"Biche_30.7,Louve Thorgalsdottir";"FALSE"
1994;11;"30";30;29;1361;7;9555;29;1361;8;9556;2969;2;1;2;"FALSE";"TRUE";"FALSE";"Aaricia Gandalfsdottir,Mahara";"TRUE"
1997;11;"30";30;33;1365;1;9576;33;1365;6;9581;2972;6;1;2;"TRUE";"TRUE";"TRUE";"Aaricia Gandalfsdottir,Mahara";"FALSE"
2001;11;"30";30;39;1371;1;9614;39;1371;7;9620;2976;7;1;2;"TRUE";"TRUE";"TRUE";"Aaricia Gandalfsdottir,Mahara";"FALSE"
2005;11;"30";30;40;1372;6;9626;40;1372;6;9626;2980;1;1;2;"FALSE";"FALSE";"FALSE";"Aaricia Gandalfsdottir,Mahara";"FALSE"
2014;11;"30";30;42;1374;4;9637;42;1374;4;9637;2989;1;1;2;"FALSE";"FALSE";"FALSE";"Aaricia Gandalfsdottir,Mahara";"FALSE"
2017;11;"30";30;42;1374;7;9640;43;1375;1;9642;2992;3;2;2;"FALSE";"FALSE";"FALSE";"Aaricia Gandalfsdottir,Mahara";"FALSE"
2020;11;"30";30;43;1375;4;9645;43;1375;7;9648;2995;4;1;2;"FALSE";"TRUE";"FALSE";"Aaricia Gandalfsdottir,Mahara";"FALSE"
2088;11;"31";31;38;1416;2;9925;38;1416;2;9925;3063;1;1;3;"FALSE";"FALSE";"FALSE";"Aaricia Gandalfsdottir,Louve Thorgalsdottir,Vigrid_20.3";"NA"
2170;12;"K1";33;3;1473;1;10337;6;1476;4;10354;2636;18;4;2;"TRUE";"FALSE";"FALSE";"Kriss de Valnor,Walkyries_K1.3";"FALSE"
2175;12;"K1";33;10;1480;2;10381;11;1481;3;10389;2641;9;2;2;"FALSE";"FALSE";"FALSE";"Kriss de Valnor,Olgave";"FALSE"
2196;12;"K1";33;22;1492;2;10476;22;1492;2;10476;2662;1;1;2;"FALSE";"FALSE";"FALSE";"Kriss de Valnor,Villageoises_K1.22";"NA"
2201;12;"K1";33;22;1492;7;10481;23;1493;2;10486;2667;6;2;2;"FALSE";"FALSE";"FALSE";"Kriss de Valnor,Olgave";"TRUE"
2246;12;"K1";33;42;1512;4;10646;42;1512;9;10651;2712;6;1;3;"FALSE";"TRUE";"FALSE";"Gorgane,Kriss de Valnor,Opale d'Alhard";"TRUE"
2247;12;"K1";33;43;1513;1;10652;43;1513;4;10655;2713;4;1;2;"TRUE";"FALSE";"FALSE";"Kriss de Valnor,Opale d'Alhard";"FALSE"
2249;12;"K1";33;43;1513;6;10657;44;1514;4;10664;2715;8;2;2;"FALSE";"FALSE";"FALSE";"Kriss de Valnor,Opale d'Alhard";"NA"
2252;12;"K1";33;45;1515;1;10671;45;1515;4;10674;2718;4;1;2;"TRUE";"FALSE";"FALSE";"Kriss de Valnor,Poupées_K1.45";"TRUE"
2253;12;"K1";33;45;1515;5;10675;46;1516;2;10677;2719;3;2;2;"FALSE";"FALSE";"FALSE";"Arlane,Kriss de Valnor";"FALSE"
2254;12;"K1";33;46;1516;3;10678;47;1517;4;10687;2720;10;2;4;"FALSE";"FALSE";"FALSE";"Arlane,Gorgane,Kriss de Valnor,Poupées_K1.45";"TRUE"
2256;12;"K1";33;47;1517;6;10689;47;1517;7;10690;2722;2;1;2;"FALSE";"FALSE";"FALSE";"Gorgane,Kriss de Valnor";"FALSE"
2258;12;"K1";33;48;1518;1;10692;48;1518;5;10696;2724;5;1;3;"TRUE";"FALSE";"FALSE";"Arlane,Kriss de Valnor,Poupées_K1.45";"TRUE"
2260;12;"K1";33;48;1518;7;10698;49;1519;3;10703;2726;6;2;2;"FALSE";"FALSE";"FALSE";"Arlane,Kriss de Valnor";"TRUE"
2262;12;"K1";33;49;1519;7;10707;49;1519;7;10707;2728;1;1;2;"FALSE";"FALSE";"FALSE";"Arlane,Kriss de Valnor";"TRUE"
2265;12;"K1";33;50;1520;1;10710;50;1520;3;10712;2731;3;1;2;"TRUE";"FALSE";"FALSE";"Arlane,Kriss de Valnor";"NA"
2275;12;"K1";33;55;1525;2;10751;55;1525;4;10753;2741;3;1;2;"FALSE";"FALSE";"FALSE";"Kriss de Valnor,Opale d'Alhard";"FALSE"
2374;14;"L1";35;3;1573;1;11081;3;1573;5;11085;3145;5;1;2;"TRUE";"FALSE";"FALSE";"Louve Thorgalsdottir,Zaya";"FALSE"
2383;14;"L1";35;8;1578;1;11123;8;1578;7;11129;3154;7;1;2;"TRUE";"FALSE";"FALSE";"Aaricia Gandalfsdottir,Louve Thorgalsdottir";"TRUE"
2390;14;"L1";35;12;1582;1;11155;12;1582;10;11164;3161;10;1;2;"TRUE";"TRUE";"TRUE";"Griz,Louve Thorgalsdottir";"TRUE"
2391;14;"L1";35;13;1583;1;11165;14;1584;7;11181;3162;17;2;2;"TRUE";"FALSE";"FALSE";"Griz,Louve Thorgalsdottir";"TRUE"
2394;14;"L1";35;15;1585;4;11186;16;1586;3;11194;3165;9;2;2;"FALSE";"FALSE";"FALSE";"Griz,Louve Thorgalsdottir";"TRUE"
2395;14;"L1";35;16;1586;4;11195;17;1587;11;11210;3166;16;2;2;"FALSE";"TRUE";"FALSE";"Griz,Louve Thorgalsdottir";"FALSE"
2396;14;"L1";35;18;1588;1;11211;19;1589;3;11221;3167;11;2;2;"TRUE";"FALSE";"FALSE";"Griz,Louve Thorgalsdottir";"TRUE"
2399;14;"L1";35;24;1594;2;11262;24;1594;3;11263;3170;2;1;2;"FALSE";"FALSE";"FALSE";"Aaricia Gandalfsdottir,Loup_16.34";"NA"
2403;14;"L1";35;27;1597;10;11296;29;1599;9;11312;3174;17;3;2;"FALSE";"FALSE";"FALSE";"Louve Thorgalsdottir,Raïssa";"NA"
2404;14;"L1";35;29;1599;10;11313;31;1601;3;11325;3175;13;3;3;"FALSE";"FALSE";"FALSE";"Griz,Louve Thorgalsdottir,Raïssa";"TRUE"
2436;12;"K2";36;5;1621;3;11470;5;1621;5;11472;2746;3;1;3;"FALSE";"FALSE";"FALSE";"2 walkyries_K2.5,Brünhild,Kriss de Valnor";"TRUE"
2495;12;"K2";36;25;1641;1;11613;25;1641;4;11616;2805;4;1;4;"TRUE";"FALSE";"FALSE";"Fregg,Kriss de Valnor,Sonja,Villageoise_K2.25.1";"NA"
2496;12;"K2";36;25;1641;5;11617;25;1641;6;11618;2806;2;1;3;"FALSE";"FALSE";"FALSE";"Kriss de Valnor,Sonja,Villageoise_K2.25.1";"NA"
2497;12;"K2";36;25;1641;7;11619;25;1641;8;11620;2807;2;1;2;"FALSE";"TRUE";"FALSE";"Kriss de Valnor,Villageoise_K2.25.1";"TRUE"
2529;12;"K2";36;42;1658;1;11740;42;1658;3;11742;2839;3;1;2;"TRUE";"FALSE";"FALSE";"Kriss de Valnor,Voyante_K2.20";"TRUE"
2546;12;"K2";36;47;1663;7;11782;47;1663;9;11784;2856;3;1;3;"FALSE";"TRUE";"FALSE";"2 walkyries_K2.5,Brünhild,Kriss de Valnor";"FALSE"
2547;12;"K2";36;48;1664;1;11785;48;1664;6;11790;2857;6;1;2;"TRUE";"TRUE";"TRUE";"Hildebrün,Kriss de Valnor";"TRUE"
2563;15;"K3";37;7;1669;3;11820;7;1669;3;11820;3464;1;1;4;"FALSE";"FALSE";"FALSE";"Brünhild,Freyja,Kriss de Valnor,Walkyrie_K3.7";"TRUE"
2565;15;"K3";37;7;1669;5;11822;7;1669;5;11822;3466;1;1;2;"FALSE";"FALSE";"FALSE";"Kriss de Valnor,Walkyries_K3.7";"TRUE"
2566;15;"K3";37;7;1669;6;11823;7;1669;6;11823;3467;1;1;4;"FALSE";"FALSE";"FALSE";"Brünhild,Freyja,Kriss de Valnor,Walkyrie_K3.7";"FALSE"
2567;15;"K3";37;7;1669;7;11824;7;1669;7;11824;3468;1;1;2;"FALSE";"TRUE";"FALSE";"Hildebrün,Kriss de Valnor";"TRUE"
2568;15;"K3";37;8;1670;1;11825;8;1670;6;11830;3469;6;1;2;"TRUE";"TRUE";"TRUE";"Hildebrün,Kriss de Valnor";"TRUE"
2569;15;"K3";37;9;1671;1;11831;10;1672;9;11847;3470;17;2;2;"TRUE";"TRUE";"TRUE";"Hildebrün,Kriss de Valnor";"TRUE"
2570;15;"K3";37;11;1673;1;11848;11;1673;3;11850;3471;3;1;2;"TRUE";"FALSE";"FALSE";"Hildebrün,Kriss de Valnor";"TRUE"
2572;15;"K3";37;12;1674;1;11854;12;1674;1;11854;3473;1;1;2;"TRUE";"FALSE";"FALSE";"Hildebrün,Kriss de Valnor";"TRUE"
2574;15;"K3";37;13;1675;8;11869;13;1675;9;11870;3475;2;1;2;"FALSE";"TRUE";"FALSE";"Hildebrün,Kriss de Valnor";"FALSE"
2575;15;"K3";37;14;1676;1;11871;16;1678;7;11893;3476;23;3;2;"TRUE";"FALSE";"FALSE";"Hildebrün,Kriss de Valnor";"TRUE"
2578;15;"K3";37;17;1679;6;11900;18;1680;3;11904;3479;5;2;2;"FALSE";"FALSE";"FALSE";"Hildebrün,Kriss de Valnor";"TRUE"
2582;15;"K3";37;19;1681;4;11911;19;1681;7;11911;3483;1;1;2;"FALSE";"FALSE";"FALSE";"Hildebrün,Kriss de Valnor";"TRUE"
2585;15;"K3";37;20;1682;4;11918;20;1682;6;11920;3486;3;1;2;"FALSE";"FALSE";"FALSE";"Hildebrün,Kriss de Valnor";"FALSE"
2587;15;"K3";37;21;1683;1;11922;21;1683;3;11924;3488;3;1;2;"TRUE";"FALSE";"FALSE";"Hildebrün,Kriss de Valnor";"TRUE"
2599;15;"K3";37;27;1689;4;11968;27;1689;4;11968;3500;1;1;2;"FALSE";"FALSE";"FALSE";"Hildebrün,Kriss de Valnor";"NA"
2602;15;"K3";37;28;1690;1;11974;28;1690;7;11980;3503;7;1;2;"TRUE";"FALSE";"FALSE";"Hildebrün,Kriss de Valnor";"FALSE"
2605;15;"K3";37;30;1692;1;11990;30;1692;2;11991;3506;2;1;2;"TRUE";"FALSE";"FALSE";"Hildebrün,Kriss de Valnor";"FALSE"
2607;15;"K3";37;31;1693;1;11997;31;1693;3;11999;3508;3;1;2;"TRUE";"FALSE";"FALSE";"Hildebrün,Kriss de Valnor";"TRUE"
2610;15;"K3";37;33;1695;1;12011;33;1695;3;12013;3511;3;1;2;"TRUE";"FALSE";"FALSE";"Hildebrün,Kriss de Valnor";"TRUE"
2613;15;"K3";37;34;1696;8;12026;34;1696;8;12026;3514;1;1;2;"FALSE";"TRUE";"FALSE";"Hildebrün,Kriss de Valnor";"NA"
2616;15;"K3";37;36;1698;4;12037;36;1698;5;12038;3517;2;1;2;"FALSE";"FALSE";"FALSE";"Hildebrün,Kriss de Valnor";"TRUE"
2626;15;"K3";37;40;1702;4;12069;40;1702;9;12074;3527;6;1;2;"FALSE";"FALSE";"FALSE";"Hildebrün,Kriss de Valnor";"FALSE"
2627;15;"K3";37;40;1702;10;12075;41;1703;7;12082;3528;8;2;2;"FALSE";"FALSE";"FALSE";"Brünhild,Kriss de Valnor";"FALSE"
2718;14;"L2";38;46;1754;1;12467;46;1754;6;12472;3278;6;1;2;"TRUE";"FALSE";"FALSE";"3 mégères_L2.46,Aaricia Gandalfsdottir";"FALSE"
2743;16;"J1";39;18;1772;5;12597;18;1772;5;12597;130;1;1;3;"FALSE";"FALSE";"FALSE";"Chloé Minkelsönn,Judith Minkelsönn,Servane Minkelsönn";"NA"
2747;16;"J1";39;19;1773;1;12601;19;1773;1;12601;134;1;1;4;"TRUE";"FALSE";"FALSE";"Chloé Minkelsönn,Frigg,Judith Minkelsönn,Servane Minkelsönn";"NA"
2758;16;"J1";39;25;1779;2;12654;25;1779;9;12661;145;8;1;2;"FALSE";"TRUE";"FALSE";"Aaricia Gandalfsdottir,Solveig";"FALSE"
2763;16;"J1";39;28;1782;6;12680;28;1782;11;12685;150;6;1;2;"FALSE";"TRUE";"FALSE";"Aaricia Gandalfsdottir,Frigg";"FALSE"
2855;14;"L3";40;46;1846;3;13138;46;1846;10;13145;3348;8;1;3;"FALSE";"TRUE";"FALSE";"Avrenim,Cléo,Louve Thorgalsdottir";"FALSE"
2859;14;"L3";40;47;1847;6;13151;48;1848;6;13159;3352;9;2;2;"FALSE";"TRUE";"FALSE";"Aaricia Gandalfsdottir,Louve Thorgalsdottir";"FALSE"
2908;15;"K4";41;27;1873;5;13321;27;1873;5;13321;3594;1;1;2;"FALSE";"FALSE";"FALSE";"Servante_K4.27,Servantes_K4.27";"NA"
2928;15;"K4";41;37;1883;6;13386;37;1883;6;13386;3614;1;1;2;"FALSE";"FALSE";"FALSE";"Ingvild,Xia";"TRUE"
2969;13;"34";42;9;1901;4;13495;9;1901;4;13495;3752;1;1;3;"FALSE";"FALSE";"FALSE";"Concubines_34.9,Shazade,Shirine";"NA"
2973;13;"34";42;10;1902;4;13502;10;1902;4;13502;3756;1;1;2;"FALSE";"FALSE";"FALSE";"Shazade,Shirine";"NA"
2979;13;"34";42;11;1903;2;13508;11;1903;2;13508;3762;1;1;3;"FALSE";"FALSE";"FALSE";"Shazade,Shirine,Suivantes_34.11";"TRUE"
2998;13;"34";42;16;1908;1;13544;16;1908;1;13544;3781;1;1;2;"TRUE";"FALSE";"FALSE";"Harâm_34.16,Salouma";"NA"
2999;13;"34";42;16;1908;2;13545;16;1908;2;13545;3782;1;1;3;"FALSE";"FALSE";"FALSE";"Harâm_34.16,Jabirah,Salouma";"NA"
3072;13;"34";42;39;1931;6;13701;39;1931;6;13701;3855;1;1;3;"FALSE";"FALSE";"FALSE";"Femme d'Herzog_34.39,Salouma,Servante_34.39";"TRUE"
3080;13;"34";42;41;1933;6;13715;41;1933;6;13715;3863;1;1;2;"FALSE";"FALSE";"FALSE";"Lehla,Salouma";"FALSE"
3083;13;"34";42;42;1934;1;13717;42;1934;2;13718;3866;2;1;3;"TRUE";"FALSE";"FALSE";"Lehla,Salouma,Servantes_34.42";"FALSE"
3084;13;"34";42;42;1934;3;13719;42;1934;5;13721;3867;3;1;4;"FALSE";"FALSE";"FALSE";"Femme d'Herzog_34.39,Lehla,Salouma,Servantes_34.42";"FALSE"
3185;17;"L4";44;9;1993;5;14169;9;1993;5;14169;3890;1;1;2;"FALSE";"TRUE";"FALSE";"Aaricia Gandalfsdottir,Yasmina";"FALSE"
3186;17;"L4";44;10;1994;1;14170;10;1994;3;14172;3891;3;1;4;"TRUE";"FALSE";"FALSE";"Fille_L4.2,Fille_L4.3,Mygg,Patö";"FALSE"
3187;17;"L4";44;10;1994;4;14173;12;1996;6;14188;3892;16;3;5;"FALSE";"TRUE";"FALSE";"Fille_L4.2,Fille_L4.3,Mygg,Patö,Raïssa";"TRUE"
3189;17;"L4";44;13;1997;2;14190;16;2000;7;14216;3894;27;4;2;"FALSE";"TRUE";"FALSE";"Aaricia Gandalfsdottir,Louve Thorgalsdottir";"FALSE"
3223;17;"L4";44;41;2025;4;14396;41;2025;9;14401;3928;6;1;2;"FALSE";"TRUE";"FALSE";"Louve Thorgalsdottir,Yasmina";"TRUE"
3231;17;"L4";44;43;2027;8;14415;43;2027;8;14415;3936;1;1;2;"FALSE";"TRUE";"FALSE";"Louve Thorgalsdottir,Yasmina";"FALSE"
3233;17;"L4";44;45;2029;1;14425;45;2029;5;14429;3938;5;1;2;"TRUE";"FALSE";"FALSE";"Louve Thorgalsdottir,Yasmina";"FALSE"
3234;17;"L4";44;45;2029;6;14430;46;2030;6;14437;3939;8;2;3;"FALSE";"FALSE";"FALSE";"Louve Thorgalsdottir,Raïssa,Yasmina";"TRUE"
3235;17;"L4";44;46;2030;7;14438;48;2032;2;14445;3940;8;3;6;"FALSE";"FALSE";"FALSE";"Loup_L4.46.1,Loup_L4.46.2,Loup_L4.46.3,Louve Thorgalsdottir,Raïssa,Yasmina";"TRUE"
3236;17;"L4";44;48;2032;3;14446;48;2032;7;14450;3941;5;1;5;"FALSE";"TRUE";"FALSE";"Loup_L4.46.1,Loup_L4.46.2,Louve Thorgalsdottir,Raïssa,Yasmina";"TRUE"
3294;15;"K5";45;31;2061;4;14633;31;2061;6;14635;3690;3;1;2;"FALSE";"FALSE";"FALSE";"Gwenda d'Auxaterra,Kriss de Valnor";"TRUE"
3339;17;"L5";46;5;2081;1;14792;5;2081;4;14795;3947;4;1;2;"TRUE";"TRUE";"TRUE";"Louve Thorgalsdottir,Yasmina";"TRUE"
3341;17;"L5";46;7;2083;1;14802;7;2083;2;14803;3949;2;1;2;"TRUE";"FALSE";"FALSE";"Louve Thorgalsdottir,Yasmina";"FALSE"
3348;17;"L5";46;9;2085;5;14822;10;2086;1;14825;3956;4;2;2;"FALSE";"FALSE";"FALSE";"Louve Thorgalsdottir,Raïssa";"TRUE"
3349;17;"L5";46;10;2086;2;14826;12;2088;9;14848;3957;23;3;3;"FALSE";"TRUE";"FALSE";"Louve Thorgalsdottir,Raïssa,Yasmina";"TRUE"
3355;17;"L5";46;15;2091;1;14865;16;2092;7;14878;3963;14;2;2;"TRUE";"FALSE";"FALSE";"Louve Thorgalsdottir,Yasmina";"TRUE"
3356;17;"L5";46;16;2092;8;14879;16;2092;8;14879;3964;1;1;3;"FALSE";"TRUE";"FALSE";"Louve Thorgalsdottir,Raïssa,Yasmina";"NA"
3359;17;"L5";46;19;2095;1;14898;19;2095;9;14906;3967;9;1;2;"TRUE";"TRUE";"TRUE";"Louve Thorgalsdottir,Yasmina";"TRUE"
3365;17;"L5";46;23;2099;1;14929;23;2099;8;14936;3973;8;1;2;"TRUE";"TRUE";"TRUE";"Louve Thorgalsdottir,Yasmina";"TRUE"
3366;17;"L5";46;24;2100;1;14937;25;2101;9;14953;3974;17;2;3;"TRUE";"TRUE";"TRUE";"Louve Thorgalsdottir,Raïssa,Yasmina";"TRUE"
3369;17;"L5";46;27;2103;1;14963;27;2103;9;14971;3977;9;1;2;"TRUE";"TRUE";"TRUE";"Louve Thorgalsdottir,Yasmina";"FALSE"
3381;17;"L5";46;35;2111;1;15030;35;2111;7;15036;3989;7;1;2;"TRUE";"TRUE";"TRUE";"Louve Thorgalsdottir,Yasmina";"TRUE"
3384;17;"L5";46;37;2113;1;15045;37;2113;3;15047;3992;3;1;4;"TRUE";"FALSE";"FALSE";"Loup_L5.26.1,Loup_L5.26.2,Louve Thorgalsdottir,Yasmina";"TRUE"
3385;17;"L5";46;37;2113;4;15048;37;2113;4;15048;3993;1;1;3;"FALSE";"FALSE";"FALSE";"Loup_L5.26.1,Louve Thorgalsdottir,Yasmina";"TRUE"
3386;17;"L5";46;37;2113;5;15049;37;2113;8;15052;3994;4;1;2;"FALSE";"FALSE";"FALSE";"Louve Thorgalsdottir,Yasmina";"TRUE"
3387;17;"L5";46;37;2113;9;15053;37;2113;10;15054;3995;2;1;3;"FALSE";"TRUE";"FALSE";"Louve Thorgalsdottir,Raïssa,Yasmina";"NA"
3388;17;"L5";46;38;2114;1;15055;38;2114;4;15058;3996;4;1;2;"TRUE";"FALSE";"FALSE";"Louve Thorgalsdottir,Raïssa";"FALSE"
3392;17;"L5";46;38;2114;8;15062;39;2115;8;15072;4000;11;2;2;"FALSE";"TRUE";"FALSE";"Louve Thorgalsdottir,Raïssa";"FALSE"
3393;17;"L5";46;40;2116;1;15073;41;2117;9;15090;4001;18;2;4;"TRUE";"FALSE";"FALSE";"Anina,Louve Thorgalsdottir,Raïssa,Yasmina";"FALSE"
3394;17;"L5";46;41;2117;10;15091;41;2117;10;15091;4002;1;1;2;"FALSE";"TRUE";"FALSE";"Louve Thorgalsdottir,Yasmina";"FALSE"
3395;17;"L5";46;42;2118;1;15092;42;2118;1;15092;4003;1;1;2;"TRUE";"FALSE";"FALSE";"Anina,Raïssa";"TRUE"
3397;17;"L5";46;43;2119;1;15100;43;2119;3;15102;4005;3;1;2;"TRUE";"FALSE";"FALSE";"Louve Thorgalsdottir,Yasmina";"FALSE"
3398;17;"L5";46;43;2119;4;15103;43;2119;7;15106;4006;4;1;3;"FALSE";"FALSE";"FALSE";"Aaricia Gandalfsdottir,Louve Thorgalsdottir,Yasmina";"FALSE"
3402;17;"L5";46;46;2122;1;15127;46;2122;6;15132;4010;6;1;3;"TRUE";"FALSE";"FALSE";"Aaricia Gandalfsdottir,Louve Thorgalsdottir,Yasmina";"FALSE"
3487;19;"K6";48;22;2191;3;15636;22;2191;5;15638;4042;3;1;2;"FALSE";"FALSE";"FALSE";"Erwin,Kriss de Valnor";"TRUE"
3489;19;"K6";48;23;2192;7;15648;23;2192;8;15649;4044;2;1;2;"FALSE";"TRUE";"FALSE";"Erwin,Kriss de Valnor";"TRUE"
3490;19;"K6";48;24;2193;1;15650;24;2193;11;15660;4045;11;1;2;"TRUE";"TRUE";"TRUE";"Erwin,Kriss de Valnor";"FALSE"
3502;19;"K6";48;31;2200;8;15720;31;2200;9;15721;4057;2;1;2;"FALSE";"TRUE";"FALSE";"Erwin,Kriss de Valnor";"TRUE"
3540;19;"K6";48;54;2223;1;15896;54;2223;6;15901;4095;6;1;2;"TRUE";"TRUE";"TRUE";"Erwin,Kriss de Valnor";"TRUE"
3541;19;"K6";48;55;2224;1;15902;55;2224;12;15913;4096;12;1;2;"TRUE";"TRUE";"TRUE";"Erwin,Kriss de Valnor";"FALSE"
3572;18;"J4";49;27;2251;1;16097;27;2251;8;16104;336;8;1;3;"TRUE";"TRUE";"TRUE";"Aaricia Gandalfsdottir,Enyd,Isoline";"FALSE"
3577;18;"J4";49;31;2255;1;16123;31;2255;6;16128;341;6;1;3;"TRUE";"TRUE";"TRUE";"Aaricia Gandalfsdottir,Enyd,Isoline";"FALSE"
3622;20;"L6";50;6;2276;1;16285;6;2276;4;16288;4183;4;1;2;"TRUE";"FALSE";"FALSE";"Louve Thorgalsdottir,Yasmina";"FALSE"
3623;20;"L6";50;6;2276;5;16289;7;2277;1;16292;4184;4;2;2;"FALSE";"FALSE";"FALSE";"Louve Thorgalsdottir,Yasmina";"FALSE"
3646;20;"L6";50;12;2282;7;16333;12;2282;8;16334;4207;2;1;2;"FALSE";"TRUE";"FALSE";"Louve Thorgalsdottir,Yasmina";"FALSE"
3650;20;"L6";50;16;2286;1;16356;16;2286;3;16358;4211;3;1;2;"TRUE";"FALSE";"FALSE";"Louve Thorgalsdottir,Yasmina";"FALSE"
3686;20;"L6";50;42;2312;1;16548;43;2313;6;16559;4247;12;2;3;"TRUE";"FALSE";"FALSE";"Chats ailés_L6.42,Cléo,Frigg";"FALSE"
3805;20;"L7";52;25;2392;3;17120;25;2392;6;17123;4286;4;1;3;"FALSE";"FALSE";"FALSE";"Louve Thorgalsdottir,Mégères_L7.25,Yasmina";"TRUE"
3821;20;"L7";52;39;2406;6;17216;39;2406;6;17216;4302;1;1;2;"FALSE";"TRUE";"FALSE";"Aaricia Gandalfsdottir,Louve Thorgalsdottir";"TRUE"
3822;20;"L7";52;40;2407;1;17217;40;2407;1;17217;4303;1;1;3;"TRUE";"FALSE";"FALSE";"Aaricia Gandalfsdottir,Louve Thorgalsdottir,Yasmina";"FALSE"
3828;20;"L7";52;42;2409;7;17236;42;2409;7;17236;4309;1;1;3;"FALSE";"TRUE";"FALSE";"Aaricia Gandalfsdottir,Louve Thorgalsdottir,Yasmina";"TRUE"
3830;20;"L7";52;43;2410;3;17239;43;2410;6;17242;4311;4;1;4;"FALSE";"FALSE";"FALSE";"Aaricia Gandalfsdottir,Frigg,Louve Thorgalsdottir,Yasmina";"NA"
3831;20;"L7";52;43;2410;7;17243;44;2411;6;17249;4312;7;2;3;"FALSE";"FALSE";"FALSE";"Aaricia Gandalfsdottir,Chats ailés_L7.44,Frigg";"NA"
3841;21;"J5";53;4;2417;2;17283;4;2417;2;17283;384;1;1;2;"FALSE";"FALSE";"FALSE";"Aaricia Gandalfsdottir,Solveig";"TRUE"
3843;21;"J5";53;5;2418;7;17292;5;2418;7;17292;386;1;1;2;"FALSE";"TRUE";"FALSE";"Aaricia Gandalfsdottir,Solveig";"FALSE"
3849;21;"J5";53;10;2423;1;17326;10;2423;6;17331;392;6;1;2;"TRUE";"TRUE";"TRUE";"Aaricia Gandalfsdottir,Solveig";"FALSE"
3876;21;"J5";53;26;2439;2;17441;26;2439;2;17441;419;1;1;2;"FALSE";"FALSE";"FALSE";"Enyd,Isoline";"FALSE"
3877;21;"J5";53;26;2439;3;17442;26;2439;4;17443;420;2;1;4;"FALSE";"FALSE";"FALSE";"Aaricia Gandalfsdottir,Enyd,Isoline,Solveig";"NA"
3879;21;"J5";53;26;2439;7;17446;26;2439;7;17446;422;1;1;4;"FALSE";"TRUE";"FALSE";"Aaricia Gandalfsdottir,Enyd,Isoline,Solveig";"TRUE"
3886;21;"J5";53;30;2443;1;17471;31;2444;6;17482;429;12;2;4;"TRUE";"TRUE";"TRUE";"Aaricia Gandalfsdottir,Enyd,Isoline,Solveig";"FALSE"
3891;21;"J5";53;35;2448;1;17509;35;2448;5;17513;434;5;1;3;"TRUE";"FALSE";"FALSE";"Aaricia Gandalfsdottir,Enyd,Isoline";"TRUE"
3941;19;"K7";54;28;2487;4;17816;28;2487;7;17819;4351;4;1;2;"FALSE";"TRUE";"FALSE";"Agrippa,Kriss de Valnor";"TRUE"
4014;21;"J6";55;31;2538;2;18208;31;2538;7;18213;505;6;1;2;"FALSE";"TRUE";"FALSE";"Anina,Mère d'Anina";"FALSE"
4093;19;"K8";56;27;2580;5;18559;28;2581;4;18566;4417;8;2;2;"FALSE";"FALSE";"FALSE";"Agrippa,Kriss de Valnor";"TRUE"
4143;13;"36";57;18;2617;2;18830;18;2617;4;18832;4467;3;1;2;"FALSE";"FALSE";"FALSE";"Ornulla,Yénhäas_36.18";"FALSE"
4184;13;"36";57;38;2637;1;18974;38;2637;1;18974;4508;1;1;2;"TRUE";"FALSE";"FALSE";"Serväan,Yénhäas_36.31";"FALSE"
4245;22;"J7";58;24;2669;1;19224;24;2669;9;19232;580;9;1;2;"TRUE";"TRUE";"TRUE";"Aaricia Gandalfsdottir,Isoline";"FALSE"
4248;22;"J7";58;26;2671;1;19242;26;2671;4;19245;583;4;1;2;"TRUE";"FALSE";"FALSE";"Aaricia Gandalfsdottir,Isoline";"NA"
4250;22;"J7";58;26;2671;6;19247;26;2671;6;19247;585;1;1;2;"FALSE";"FALSE";"FALSE";"Aaricia Gandalfsdottir,Isoline";"NA"
4255;22;"J7";58;32;2677;1;19287;32;2677;1;19287;590;1;1;2;"TRUE";"FALSE";"FALSE";"Aaricia Gandalfsdottir,Villageoises_J7.32";"FALSE"
4259;22;"J7";58;32;2677;10;19296;32;2677;10;19296;594;1;1;2;"FALSE";"TRUE";"FALSE";"Aaricia Gandalfsdottir,Isoline";"FALSE"
4266;22;"J7";58;36;2681;4;19319;36;2681;6;19321;601;3;1;2;"FALSE";"TRUE";"FALSE";"Gunhilda Görmsson,Thyra";"FALSE"
4359;22;"J8";60;3;2740;6;19794;4;2741;4;19801;624;8;2;2;"FALSE";"FALSE";"FALSE";"Aaricia Gandalfsdottir,Kayla";"TRUE"
4368;22;"J8";60;5;2742;3;19811;5;2742;4;19812;633;2;1;2;"FALSE";"FALSE";"FALSE";"Aaricia Gandalfsdottir,Kayla";"TRUE"
4371;22;"J8";60;5;2742;7;19815;5;2742;7;19815;636;1;1;2;"FALSE";"FALSE";"FALSE";"Aaricia Gandalfsdottir,Kayla";"FALSE"
4373;22;"J8";60;5;2742;10;19818;5;2742;10;19818;638;1;1;2;"FALSE";"FALSE";"FALSE";"Aaricia Gandalfsdottir,Kayla";"FALSE"
4375;22;"J8";60;6;2743;1;19820;6;2743;2;19821;640;2;1;2;"TRUE";"FALSE";"FALSE";"Aaricia Gandalfsdottir,Kayla";"TRUE"
4380;22;"J8";60;7;2744;1;19830;7;2744;3;19832;645;3;1;2;"TRUE";"FALSE";"FALSE";"Aaricia Gandalfsdottir,Isoline";"TRUE"
4391;22;"J8";60;16;2753;1;19907;16;2753;4;19910;656;4;1;2;"TRUE";"FALSE";"FALSE";"Aaricia Gandalfsdottir,Servante_J8.16";"TRUE"
4394;22;"J8";60;16;2753;10;19916;17;2754;9;19925;659;10;2;2;"FALSE";"TRUE";"FALSE";"Aaricia Gandalfsdottir,Sydönia";"FALSE"
4398;22;"J8";60;19;2756;1;19935;19;2756;6;19940;663;6;1;2;"TRUE";"FALSE";"FALSE";"Aaricia Gandalfsdottir,Sydönia";"FALSE"
4399;22;"J8";60;19;2756;7;19941;19;2756;10;19944;664;4;1;2;"FALSE";"TRUE";"FALSE";"Aaricia Gandalfsdottir,Sydönia";"NA"
4403;22;"J8";60;22;2759;1;19964;22;2759;1;19964;668;1;1;2;"TRUE";"FALSE";"FALSE";"Aaricia Gandalfsdottir,Isoline";"FALSE"
4404;22;"J8";60;22;2759;2;19965;22;2759;3;19966;669;2;1;3;"FALSE";"FALSE";"FALSE";"Aaricia Gandalfsdottir,Isoline,Sigvalda";"TRUE"
4406;22;"J8";60;22;2759;5;19968;22;2759;7;19970;671;3;1;2;"FALSE";"TRUE";"FALSE";"Aaricia Gandalfsdottir,Isoline";"TRUE"
4423;22;"J8";60;35;2772;4;20077;35;2772;5;20078;688;2;1;2;"FALSE";"FALSE";"FALSE";"Aaricia Gandalfsdottir,Isoline";"FALSE"
4444;23;"38";61;4;2787;1;20201;4;2787;7;20207;4599;7;1;2;"TRUE";"FALSE";"FALSE";"Louve Thorgalsdottir,Selkie_38.4";"FALSE"
4447;23;"38";61;7;2790;1;20227;7;2790;6;20232;4602;6;1;2;"TRUE";"FALSE";"FALSE";"Louve Thorgalsdottir,Ran le homard";"FALSE"
4448;23;"38";61;7;2790;7;20233;8;2791;4;20238;4603;6;2;3;"FALSE";"FALSE";"FALSE";"Ava,Louve Thorgalsdottir,Ran le homard";"TRUE"
4457;23;"38";61;12;2795;7;20275;13;2796;6;20281;4612;7;2;2;"FALSE";"FALSE";"FALSE";"Ava,Louve Thorgalsdottir";"TRUE"
4463;23;"38";61;18;2801;3;20316;18;2801;8;20321;4618;6;1;2;"FALSE";"TRUE";"FALSE";"Ava,Selkie_38.4";"NA"
4501;23;"38";61;36;2819;1;20452;36;2819;7;20458;4656;7;1;2;"TRUE";"FALSE";"FALSE";"Ava,Ran le homard";"NA"
4524;22;"J9";62;4;2833;6;20563;5;2834;6;20572;711;10;2;3;"FALSE";"FALSE";"FALSE";"Aaricia Gandalfsdottir,Isoline,Thorbiorg";"FALSE"
4535;22;"J9";62;8;2837;8;20597;9;2838;1;20599;722;3;2;3;"FALSE";"FALSE";"FALSE";"Deux femmes_J9.8,Isoline,Thorbiorg";"TRUE"
4552;22;"J9";62;19;2848;4;20678;19;2848;5;20679;739;2;1;2;"FALSE";"FALSE";"FALSE";"Aaricia Gandalfsdottir,Isoline";"TRUE"
4561;22;"J9";62;31;2860;1;20768;31;2860;9;20776;748;9;1;3;"TRUE";"TRUE";"TRUE";"Aaricia Gandalfsdottir,Modgud,Thorbiorg";"TRUE"
4569;22;"J9";62;39;2868;1;20832;39;2868;4;20835;756;4;1;4;"TRUE";"FALSE";"FALSE";"Femmes_J9.39,Hildegunn,Modgud,Sy-Aesa";"TRUE"
4588;23;"39";63;8;2883;1;20950;8;2883;4;20953;4682;4;1;2;"TRUE";"FALSE";"FALSE";"Ava,Louve Thorgalsdottir";"TRUE"
4666;22;"J10";64;12;2935;1;21358;12;2935;2;21359;780;2;1;2;"TRUE";"FALSE";"FALSE";"Dame Le Devehat,Sydönia";"FALSE"
4668;22;"J10";64;12;2935;8;21365;12;2935;9;21366;782;2;1;2;"FALSE";"TRUE";"FALSE";"Gunhilda Görmsson,Thyra";"TRUE"
4671;22;"J10";64;13;2936;4;21370;14;2937;10;21384;785;15;2;2;"FALSE";"TRUE";"FALSE";"Nixe_J10.13,Sydönia";"TRUE"
4673;22;"J10";64;15;2938;2;21386;15;2938;3;21387;787;2;1;2;"FALSE";"FALSE";"FALSE";"Nixe_J10.13,Sydönia";"TRUE"
4681;22;"J10";64;17;2940;1;21402;17;2940;9;21410;795;9;1;2;"TRUE";"TRUE";"TRUE";"Nixe_J10.13,Sydönia";"TRUE"
4710;22;"J10";64;37;2960;7;21574;37;2960;8;21575;824;2;1;3;"FALSE";"FALSE";"FALSE";"Fillette_J10.36,Nixe_J10.13,Sydönia";"TRUE"
4726;22;"J10";64;43;2966;1;21615;44;2967;10;21631;840;17;2;2;"TRUE";"TRUE";"TRUE";"Nixe_J10.13,Sydönia";"TRUE"
4766;23;"40";65;14;2991;5;21822;14;2991;5;21822;4766;1;1;2;"FALSE";"FALSE";"FALSE";"Haynée,Slive";"NA"
